788,"Pipeline(memory=None,
     steps=[('pca', PCA(copy=True, iterated_power='auto', n_components=27, random_state=None,
  svd_solver='auto', tol=0.0, whiten=False)), ('ols', LinearRegression(copy_X=True, fit_intercept=True, n_jobs=None,
         normalize=False))])"
789,"Pipeline(memory=None,
     steps=[('pca', PCA(copy=True, iterated_power='auto', n_components=28, random_state=None,
  svd_solver='auto', tol=0.0, whiten=False)), ('ols', LinearRegression(copy_X=True, fit_intercept=True, n_jobs=None,
         normalize=False))])"
790,"Pipeline(memory=None,
     steps=[('pca', PCA(copy=True, iterated_power='auto', n_components=27, random_state=None,
  svd_solver='auto', tol=0.0, whiten=False)), ('ols', LinearRegression(copy_X=True, fit_intercept=True, n_jobs=None,
         normalize=False))])"
791,"Pipeline(memory=None,
     steps=[('pca', PCA(copy=True, iterated_power='auto', n_components=28, random_state=None,
  svd_solver='auto', tol=0.0, whiten=False)), ('ols', LinearRegression(copy_X=True, fit_intercept=True, n_jobs=None,
         normalize=False))])"
792,"Pipeline(memory=None,
     steps=[('pca', PCA(copy=True, iterated_power='auto', n_components=28, random_state=None,
  svd_solver='auto', tol=0.0, whiten=False)), ('ols', LinearRegression(copy_X=True, fit_intercept=True, n_jobs=None,
         normalize=False))])"
793,"Pipeline(memory=None,
     steps=[('pca', PCA(copy=True, iterated_power='auto', n_components=27, random_state=None,
  svd_solver='auto', tol=0.0, whiten=False)), ('ols', LinearRegression(copy_X=True, fit_intercept=True, n_jobs=None,
         normalize=False))])"
794,"Pipeline(memory=None,
     steps=[('pca', PCA(copy=True, iterated_power='auto', n_components=27, random_state=None,
  svd_solver='auto', tol=0.0, whiten=False)), ('ols', LinearRegression(copy_X=True, fit_intercept=True, n_jobs=None,
         normalize=False))])"
795,"Pipeline(memory=None,
     steps=[('pca', PCA(copy=True, iterated_power='auto', n_components=27, random_state=None,
  svd_solver='auto', tol=0.0, whiten=False)), ('ols', LinearRegression(copy_X=True, fit_intercept=True, n_jobs=None,
         normalize=False))])"
796,"Pipeline(memory=None,
     steps=[('pca', PCA(copy=True, iterated_power='auto', n_components=27, random_state=None,
  svd_solver='auto', tol=0.0, whiten=False)), ('ols', LinearRegression(copy_X=True, fit_intercept=True, n_jobs=None,
         normalize=False))])"
797,"Pipeline(memory=None,
     steps=[('pca', PCA(copy=True, iterated_power='auto', n_components=27, random_state=None,
  svd_solver='auto', tol=0.0, whiten=False)), ('ols', LinearRegression(copy_X=True, fit_intercept=True, n_jobs=None,
         normalize=False))])"
798,"Pipeline(memory=None,
     steps=[('pca', PCA(copy=True, iterated_power='auto', n_components=27, random_state=None,
  svd_solver='auto', tol=0.0, whiten=False)), ('ols', LinearRegression(copy_X=True, fit_intercept=True, n_jobs=None,
         normalize=False))])"
799,"Pipeline(memory=None,
     steps=[('pca', PCA(copy=True, iterated_power='auto', n_components=27, random_state=None,
  svd_solver='auto', tol=0.0, whiten=False)), ('ols', LinearRegression(copy_X=True, fit_intercept=True, n_jobs=None,
         normalize=False))])"
800,"Pipeline(memory=None,
     steps=[('pca', PCA(copy=True, iterated_power='auto', n_components=27, random_state=None,
  svd_solver='auto', tol=0.0, whiten=False)), ('ols', LinearRegression(copy_X=True, fit_intercept=True, n_jobs=None,
         normalize=False))])"
801,"Pipeline(memory=None,
     steps=[('pca', PCA(copy=True, iterated_power='auto', n_components=27, random_state=None,
  svd_solver='auto', tol=0.0, whiten=False)), ('ols', LinearRegression(copy_X=True, fit_intercept=True, n_jobs=None,
         normalize=False))])"
802,"Pipeline(memory=None,
     steps=[('pca', PCA(copy=True, iterated_power='auto', n_components=27, random_state=None,
  svd_solver='auto', tol=0.0, whiten=False)), ('ols', LinearRegression(copy_X=True, fit_intercept=True, n_jobs=None,
         normalize=False))])"
803,"Pipeline(memory=None,
     steps=[('pca', PCA(copy=True, iterated_power='auto', n_components=27, random_state=None,
  svd_solver='auto', tol=0.0, whiten=False)), ('ols', LinearRegression(copy_X=True, fit_intercept=True, n_jobs=None,
         normalize=False))])"
804,"Pipeline(memory=None,
     steps=[('pca', PCA(copy=True, iterated_power='auto', n_components=27, random_state=None,
  svd_solver='auto', tol=0.0, whiten=False)), ('ols', LinearRegression(copy_X=True, fit_intercept=True, n_jobs=None,
         normalize=False))])"
805,"Pipeline(memory=None,
     steps=[('pca', PCA(copy=True, iterated_power='auto', n_components=27, random_state=None,
  svd_solver='auto', tol=0.0, whiten=False)), ('ols', LinearRegression(copy_X=True, fit_intercept=True, n_jobs=None,
         normalize=False))])"
806,"Pipeline(memory=None,
     steps=[('pca', PCA(copy=True, iterated_power='auto', n_components=27, random_state=None,
  svd_solver='auto', tol=0.0, whiten=False)), ('ols', LinearRegression(copy_X=True, fit_intercept=True, n_jobs=None,
         normalize=False))])"
807,"Pipeline(memory=None,
     steps=[('pca', PCA(copy=True, iterated_power='auto', n_components=27, random_state=None,
  svd_solver='auto', tol=0.0, whiten=False)), ('ols', LinearRegression(copy_X=True, fit_intercept=True, n_jobs=None,
         normalize=False))])"
808,"Pipeline(memory=None,
     steps=[('pca', PCA(copy=True, iterated_power='auto', n_components=27, random_state=None,
  svd_solver='auto', tol=0.0, whiten=False)), ('ols', LinearRegression(copy_X=True, fit_intercept=True, n_jobs=None,
         normalize=False))])"
809,"Pipeline(memory=None,
     steps=[('pca', PCA(copy=True, iterated_power='auto', n_components=27, random_state=None,
  svd_solver='auto', tol=0.0, whiten=False)), ('ols', LinearRegression(copy_X=True, fit_intercept=True, n_jobs=None,
         normalize=False))])"
810,"Pipeline(memory=None,
     steps=[('pca', PCA(copy=True, iterated_power='auto', n_components=28, random_state=None,
  svd_solver='auto', tol=0.0, whiten=False)), ('ols', LinearRegression(copy_X=True, fit_intercept=True, n_jobs=None,
         normalize=False))])"
811,"Pipeline(memory=None,
     steps=[('pca', PCA(copy=True, iterated_power='auto', n_components=27, random_state=None,
  svd_solver='auto', tol=0.0, whiten=False)), ('ols', LinearRegression(copy_X=True, fit_intercept=True, n_jobs=None,
         normalize=False))])"
812,"Pipeline(memory=None,
     steps=[('pca', PCA(copy=True, iterated_power='auto', n_components=28, random_state=None,
  svd_solver='auto', tol=0.0, whiten=False)), ('ols', LinearRegression(copy_X=True, fit_intercept=True, n_jobs=None,
         normalize=False))])"
813,"Pipeline(memory=None,
     steps=[('pca', PCA(copy=True, iterated_power='auto', n_components=27, random_state=None,
  svd_solver='auto', tol=0.0, whiten=False)), ('ols', LinearRegression(copy_X=True, fit_intercept=True, n_jobs=None,
         normalize=False))])"
814,"Pipeline(memory=None,
     steps=[('pca', PCA(copy=True, iterated_power='auto', n_components=27, random_state=None,
  svd_solver='auto', tol=0.0, whiten=False)), ('ols', LinearRegression(copy_X=True, fit_intercept=True, n_jobs=None,
         normalize=False))])"
815,"Pipeline(memory=None,
     steps=[('pca', PCA(copy=True, iterated_power='auto', n_components=27, random_state=None,
  svd_solver='auto', tol=0.0, whiten=False)), ('ols', LinearRegression(copy_X=True, fit_intercept=True, n_jobs=None,
         normalize=False))])"
816,"Pipeline(memory=None,
     steps=[('pca', PCA(copy=True, iterated_power='auto', n_components=27, random_state=None,
  svd_solver='auto', tol=0.0, whiten=False)), ('ols', LinearRegression(copy_X=True, fit_intercept=True, n_jobs=None,
         normalize=False))])"
817,"Pipeline(memory=None,
     steps=[('pca', PCA(copy=True, iterated_power='auto', n_components=27, random_state=None,
  svd_solver='auto', tol=0.0, whiten=False)), ('ols', LinearRegression(copy_X=True, fit_intercept=True, n_jobs=None,
         normalize=False))])"
818,"Pipeline(memory=None,
     steps=[('pca', PCA(copy=True, iterated_power='auto', n_components=27, random_state=None,
  svd_solver='auto', tol=0.0, whiten=False)), ('ols', LinearRegression(copy_X=True, fit_intercept=True, n_jobs=None,
         normalize=False))])"
819,"Pipeline(memory=None,
     steps=[('pca', PCA(copy=True, iterated_power='auto', n_components=28, random_state=None,
  svd_solver='auto', tol=0.0, whiten=False)), ('ols', LinearRegression(copy_X=True, fit_intercept=True, n_jobs=None,
         normalize=False))])"
820,"Pipeline(memory=None,
     steps=[('pca', PCA(copy=True, iterated_power='auto', n_components=28, random_state=None,
  svd_solver='auto', tol=0.0, whiten=False)), ('ols', LinearRegression(copy_X=True, fit_intercept=True, n_jobs=None,
         normalize=False))])"
821,"Pipeline(memory=None,
     steps=[('pca', PCA(copy=True, iterated_power='auto', n_components=27, random_state=None,
  svd_solver='auto', tol=0.0, whiten=False)), ('ols', LinearRegression(copy_X=True, fit_intercept=True, n_jobs=None,
         normalize=False))])"
822,"Pipeline(memory=None,
     steps=[('pca', PCA(copy=True, iterated_power='auto', n_components=27, random_state=None,
  svd_solver='auto', tol=0.0, whiten=False)), ('ols', LinearRegression(copy_X=True, fit_intercept=True, n_jobs=None,
         normalize=False))])"
823,"Pipeline(memory=None,
     steps=[('pca', PCA(copy=True, iterated_power='auto', n_components=27, random_state=None,
  svd_solver='auto', tol=0.0, whiten=False)), ('ols', LinearRegression(copy_X=True, fit_intercept=True, n_jobs=None,
         normalize=False))])"
824,"Pipeline(memory=None,
     steps=[('pca', PCA(copy=True, iterated_power='auto', n_components=27, random_state=None,
  svd_solver='auto', tol=0.0, whiten=False)), ('ols', LinearRegression(copy_X=True, fit_intercept=True, n_jobs=None,
         normalize=False))])"
825,"Pipeline(memory=None,
     steps=[('pca', PCA(copy=True, iterated_power='auto', n_components=27, random_state=None,
  svd_solver='auto', tol=0.0, whiten=False)), ('ols', LinearRegression(copy_X=True, fit_intercept=True, n_jobs=None,
         normalize=False))])"
826,"Pipeline(memory=None,
     steps=[('pca', PCA(copy=True, iterated_power='auto', n_components=28, random_state=None,
  svd_solver='auto', tol=0.0, whiten=False)), ('ols', LinearRegression(copy_X=True, fit_intercept=True, n_jobs=None,
         normalize=False))])"
827,"Pipeline(memory=None,
     steps=[('pca', PCA(copy=True, iterated_power='auto', n_components=27, random_state=None,
  svd_solver='auto', tol=0.0, whiten=False)), ('ols', LinearRegression(copy_X=True, fit_intercept=True, n_jobs=None,
         normalize=False))])"
828,"Pipeline(memory=None,
     steps=[('pca', PCA(copy=True, iterated_power='auto', n_components=27, random_state=None,
  svd_solver='auto', tol=0.0, whiten=False)), ('ols', LinearRegression(copy_X=True, fit_intercept=True, n_jobs=None,
         normalize=False))])"
829,"Pipeline(memory=None,
     steps=[('pca', PCA(copy=True, iterated_power='auto', n_components=27, random_state=None,
  svd_solver='auto', tol=0.0, whiten=False)), ('ols', LinearRegression(copy_X=True, fit_intercept=True, n_jobs=None,
         normalize=False))])"
830,"Pipeline(memory=None,
     steps=[('pca', PCA(copy=True, iterated_power='auto', n_components=27, random_state=None,
  svd_solver='auto', tol=0.0, whiten=False)), ('ols', LinearRegression(copy_X=True, fit_intercept=True, n_jobs=None,
         normalize=False))])"
831,"Pipeline(memory=None,
     steps=[('pca', PCA(copy=True, iterated_power='auto', n_components=27, random_state=None,
  svd_solver='auto', tol=0.0, whiten=False)), ('ols', LinearRegression(copy_X=True, fit_intercept=True, n_jobs=None,
         normalize=False))])"
832,"Pipeline(memory=None,
     steps=[('pca', PCA(copy=True, iterated_power='auto', n_components=28, random_state=None,
  svd_solver='auto', tol=0.0, whiten=False)), ('ols', LinearRegression(copy_X=True, fit_intercept=True, n_jobs=None,
         normalize=False))])"
833,"Pipeline(memory=None,
     steps=[('pca', PCA(copy=True, iterated_power='auto', n_components=27, random_state=None,
  svd_solver='auto', tol=0.0, whiten=False)), ('ols', LinearRegression(copy_X=True, fit_intercept=True, n_jobs=None,
         normalize=False))])"
834,"Pipeline(memory=None,
     steps=[('pca', PCA(copy=True, iterated_power='auto', n_components=28, random_state=None,
  svd_solver='auto', tol=0.0, whiten=False)), ('ols', LinearRegression(copy_X=True, fit_intercept=True, n_jobs=None,
         normalize=False))])"
835,"Pipeline(memory=None,
     steps=[('pca', PCA(copy=True, iterated_power='auto', n_components=27, random_state=None,
  svd_solver='auto', tol=0.0, whiten=False)), ('ols', LinearRegression(copy_X=True, fit_intercept=True, n_jobs=None,
         normalize=False))])"
836,"Pipeline(memory=None,
     steps=[('pca', PCA(copy=True, iterated_power='auto', n_components=27, random_state=None,
  svd_solver='auto', tol=0.0, whiten=False)), ('ols', LinearRegression(copy_X=True, fit_intercept=True, n_jobs=None,
         normalize=False))])"
837,"Pipeline(memory=None,
     steps=[('pca', PCA(copy=True, iterated_power='auto', n_components=28, random_state=None,
  svd_solver='auto', tol=0.0, whiten=False)), ('ols', LinearRegression(copy_X=True, fit_intercept=True, n_jobs=None,
         normalize=False))])"
838,"Pipeline(memory=None,
     steps=[('pca', PCA(copy=True, iterated_power='auto', n_components=27, random_state=None,
  svd_solver='auto', tol=0.0, whiten=False)), ('ols', LinearRegression(copy_X=True, fit_intercept=True, n_jobs=None,
         normalize=False))])"
839,"Pipeline(memory=None,
     steps=[('pca', PCA(copy=True, iterated_power='auto', n_components=27, random_state=None,
  svd_solver='auto', tol=0.0, whiten=False)), ('ols', LinearRegression(copy_X=True, fit_intercept=True, n_jobs=None,
         normalize=False))])"
840,"Pipeline(memory=None,
     steps=[('pca', PCA(copy=True, iterated_power='auto', n_components=27, random_state=None,
  svd_solver='auto', tol=0.0, whiten=False)), ('ols', LinearRegression(copy_X=True, fit_intercept=True, n_jobs=None,
         normalize=False))])"
841,"Pipeline(memory=None,
     steps=[('pca', PCA(copy=True, iterated_power='auto', n_components=27, random_state=None,
  svd_solver='auto', tol=0.0, whiten=False)), ('ols', LinearRegression(copy_X=True, fit_intercept=True, n_jobs=None,
         normalize=False))])"
842,"Pipeline(memory=None,
     steps=[('pca', PCA(copy=True, iterated_power='auto', n_components=27, random_state=None,
  svd_solver='auto', tol=0.0, whiten=False)), ('ols', LinearRegression(copy_X=True, fit_intercept=True, n_jobs=None,
         normalize=False))])"
843,"Pipeline(memory=None,
     steps=[('pca', PCA(copy=True, iterated_power='auto', n_components=27, random_state=None,
  svd_solver='auto', tol=0.0, whiten=False)), ('ols', LinearRegression(copy_X=True, fit_intercept=True, n_jobs=None,
         normalize=False))])"
844,"Pipeline(memory=None,
     steps=[('pca', PCA(copy=True, iterated_power='auto', n_components=28, random_state=None,
  svd_solver='auto', tol=0.0, whiten=False)), ('ols', LinearRegression(copy_X=True, fit_intercept=True, n_jobs=None,
         normalize=False))])"
845,"Pipeline(memory=None,
     steps=[('pca', PCA(copy=True, iterated_power='auto', n_components=27, random_state=None,
  svd_solver='auto', tol=0.0, whiten=False)), ('ols', LinearRegression(copy_X=True, fit_intercept=True, n_jobs=None,
         normalize=False))])"
846,"Pipeline(memory=None,
     steps=[('pca', PCA(copy=True, iterated_power='auto', n_components=27, random_state=None,
  svd_solver='auto', tol=0.0, whiten=False)), ('ols', LinearRegression(copy_X=True, fit_intercept=True, n_jobs=None,
         normalize=False))])"
847,"Pipeline(memory=None,
     steps=[('pca', PCA(copy=True, iterated_power='auto', n_components=27, random_state=None,
  svd_solver='auto', tol=0.0, whiten=False)), ('ols', LinearRegression(copy_X=True, fit_intercept=True, n_jobs=None,
         normalize=False))])"
848,"Pipeline(memory=None,
     steps=[('pca', PCA(copy=True, iterated_power='auto', n_components=28, random_state=None,
  svd_solver='auto', tol=0.0, whiten=False)), ('ols', LinearRegression(copy_X=True, fit_intercept=True, n_jobs=None,
         normalize=False))])"
849,"Pipeline(memory=None,
     steps=[('pca', PCA(copy=True, iterated_power='auto', n_components=27, random_state=None,
  svd_solver='auto', tol=0.0, whiten=False)), ('ols', LinearRegression(copy_X=True, fit_intercept=True, n_jobs=None,
         normalize=False))])"
850,"Pipeline(memory=None,
     steps=[('pca', PCA(copy=True, iterated_power='auto', n_components=27, random_state=None,
  svd_solver='auto', tol=0.0, whiten=False)), ('ols', LinearRegression(copy_X=True, fit_intercept=True, n_jobs=None,
         normalize=False))])"
851,"Pipeline(memory=None,
     steps=[('pca', PCA(copy=True, iterated_power='auto', n_components=27, random_state=None,
  svd_solver='auto', tol=0.0, whiten=False)), ('ols', LinearRegression(copy_X=True, fit_intercept=True, n_jobs=None,
         normalize=False))])"
852,"Pipeline(memory=None,
     steps=[('pca', PCA(copy=True, iterated_power='auto', n_components=28, random_state=None,
  svd_solver='auto', tol=0.0, whiten=False)), ('ols', LinearRegression(copy_X=True, fit_intercept=True, n_jobs=None,
         normalize=False))])"
853,"Pipeline(memory=None,
     steps=[('pca', PCA(copy=True, iterated_power='auto', n_components=27, random_state=None,
  svd_solver='auto', tol=0.0, whiten=False)), ('ols', LinearRegression(copy_X=True, fit_intercept=True, n_jobs=None,
         normalize=False))])"
854,"Pipeline(memory=None,
     steps=[('pca', PCA(copy=True, iterated_power='auto', n_components=28, random_state=None,
  svd_solver='auto', tol=0.0, whiten=False)), ('ols', LinearRegression(copy_X=True, fit_intercept=True, n_jobs=None,
         normalize=False))])"
855,"Pipeline(memory=None,
     steps=[('pca', PCA(copy=True, iterated_power='auto', n_components=27, random_state=None,
  svd_solver='auto', tol=0.0, whiten=False)), ('ols', LinearRegression(copy_X=True, fit_intercept=True, n_jobs=None,
         normalize=False))])"
856,"Pipeline(memory=None,
     steps=[('pca', PCA(copy=True, iterated_power='auto', n_components=28, random_state=None,
  svd_solver='auto', tol=0.0, whiten=False)), ('ols', LinearRegression(copy_X=True, fit_intercept=True, n_jobs=None,
         normalize=False))])"
857,"Pipeline(memory=None,
     steps=[('pca', PCA(copy=True, iterated_power='auto', n_components=27, random_state=None,
  svd_solver='auto', tol=0.0, whiten=False)), ('ols', LinearRegression(copy_X=True, fit_intercept=True, n_jobs=None,
         normalize=False))])"
858,"Pipeline(memory=None,
     steps=[('pca', PCA(copy=True, iterated_power='auto', n_components=27, random_state=None,
  svd_solver='auto', tol=0.0, whiten=False)), ('ols', LinearRegression(copy_X=True, fit_intercept=True, n_jobs=None,
         normalize=False))])"
859,"Pipeline(memory=None,
     steps=[('pca', PCA(copy=True, iterated_power='auto', n_components=27, random_state=None,
  svd_solver='auto', tol=0.0, whiten=False)), ('ols', LinearRegression(copy_X=True, fit_intercept=True, n_jobs=None,
         normalize=False))])"
860,"Pipeline(memory=None,
     steps=[('pca', PCA(copy=True, iterated_power='auto', n_components=27, random_state=None,
  svd_solver='auto', tol=0.0, whiten=False)), ('ols', LinearRegression(copy_X=True, fit_intercept=True, n_jobs=None,
         normalize=False))])"
861,"Pipeline(memory=None,
     steps=[('pca', PCA(copy=True, iterated_power='auto', n_components=27, random_state=None,
  svd_solver='auto', tol=0.0, whiten=False)), ('ols', LinearRegression(copy_X=True, fit_intercept=True, n_jobs=None,
         normalize=False))])"
862,"Pipeline(memory=None,
     steps=[('pca', PCA(copy=True, iterated_power='auto', n_components=27, random_state=None,
  svd_solver='auto', tol=0.0, whiten=False)), ('ols', LinearRegression(copy_X=True, fit_intercept=True, n_jobs=None,
         normalize=False))])"
863,"Pipeline(memory=None,
     steps=[('pca', PCA(copy=True, iterated_power='auto', n_components=27, random_state=None,
  svd_solver='auto', tol=0.0, whiten=False)), ('ols', LinearRegression(copy_X=True, fit_intercept=True, n_jobs=None,
         normalize=False))])"
864,"Pipeline(memory=None,
     steps=[('pca', PCA(copy=True, iterated_power='auto', n_components=28, random_state=None,
  svd_solver='auto', tol=0.0, whiten=False)), ('ols', LinearRegression(copy_X=True, fit_intercept=True, n_jobs=None,
         normalize=False))])"
865,"Pipeline(memory=None,
     steps=[('pca', PCA(copy=True, iterated_power='auto', n_components=28, random_state=None,
  svd_solver='auto', tol=0.0, whiten=False)), ('ols', LinearRegression(copy_X=True, fit_intercept=True, n_jobs=None,
         normalize=False))])"
866,"Pipeline(memory=None,
     steps=[('pca', PCA(copy=True, iterated_power='auto', n_components=27, random_state=None,
  svd_solver='auto', tol=0.0, whiten=False)), ('ols', LinearRegression(copy_X=True, fit_intercept=True, n_jobs=None,
         normalize=False))])"
867,"Pipeline(memory=None,
     steps=[('pca', PCA(copy=True, iterated_power='auto', n_components=27, random_state=None,
  svd_solver='auto', tol=0.0, whiten=False)), ('ols', LinearRegression(copy_X=True, fit_intercept=True, n_jobs=None,
         normalize=False))])"
868,"Pipeline(memory=None,
     steps=[('pca', PCA(copy=True, iterated_power='auto', n_components=27, random_state=None,
  svd_solver='auto', tol=0.0, whiten=False)), ('ols', LinearRegression(copy_X=True, fit_intercept=True, n_jobs=None,
         normalize=False))])"
869,"Pipeline(memory=None,
     steps=[('pca', PCA(copy=True, iterated_power='auto', n_components=28, random_state=None,
  svd_solver='auto', tol=0.0, whiten=False)), ('ols', LinearRegression(copy_X=True, fit_intercept=True, n_jobs=None,
         normalize=False))])"
870,"Pipeline(memory=None,
     steps=[('pca', PCA(copy=True, iterated_power='auto', n_components=27, random_state=None,
  svd_solver='auto', tol=0.0, whiten=False)), ('ols', LinearRegression(copy_X=True, fit_intercept=True, n_jobs=None,
         normalize=False))])"
871,"Pipeline(memory=None,
     steps=[('pca', PCA(copy=True, iterated_power='auto', n_components=27, random_state=None,
  svd_solver='auto', tol=0.0, whiten=False)), ('ols', LinearRegression(copy_X=True, fit_intercept=True, n_jobs=None,
         normalize=False))])"
872,"Pipeline(memory=None,
     steps=[('pca', PCA(copy=True, iterated_power='auto', n_components=27, random_state=None,
  svd_solver='auto', tol=0.0, whiten=False)), ('ols', LinearRegression(copy_X=True, fit_intercept=True, n_jobs=None,
         normalize=False))])"
873,"Pipeline(memory=None,
     steps=[('pca', PCA(copy=True, iterated_power='auto', n_components=27, random_state=None,
  svd_solver='auto', tol=0.0, whiten=False)), ('ols', LinearRegression(copy_X=True, fit_intercept=True, n_jobs=None,
         normalize=False))])"
874,"Pipeline(memory=None,
     steps=[('pca', PCA(copy=True, iterated_power='auto', n_components=27, random_state=None,
  svd_solver='auto', tol=0.0, whiten=False)), ('ols', LinearRegression(copy_X=True, fit_intercept=True, n_jobs=None,
         normalize=False))])"
875,"Pipeline(memory=None,
     steps=[('pca', PCA(copy=True, iterated_power='auto', n_components=27, random_state=None,
  svd_solver='auto', tol=0.0, whiten=False)), ('ols', LinearRegression(copy_X=True, fit_intercept=True, n_jobs=None,
         normalize=False))])"
876,"Pipeline(memory=None,
     steps=[('pca', PCA(copy=True, iterated_power='auto', n_components=27, random_state=None,
  svd_solver='auto', tol=0.0, whiten=False)), ('ols', LinearRegression(copy_X=True, fit_intercept=True, n_jobs=None,
         normalize=False))])"
877,"Pipeline(memory=None,
     steps=[('pca', PCA(copy=True, iterated_power='auto', n_components=27, random_state=None,
  svd_solver='auto', tol=0.0, whiten=False)), ('ols', LinearRegression(copy_X=True, fit_intercept=True, n_jobs=None,
         normalize=False))])"
878,"Pipeline(memory=None,
     steps=[('pca', PCA(copy=True, iterated_power='auto', n_components=27, random_state=None,
  svd_solver='auto', tol=0.0, whiten=False)), ('ols', LinearRegression(copy_X=True, fit_intercept=True, n_jobs=None,
         normalize=False))])"
879,"Pipeline(memory=None,
     steps=[('pca', PCA(copy=True, iterated_power='auto', n_components=27, random_state=None,
  svd_solver='auto', tol=0.0, whiten=False)), ('ols', LinearRegression(copy_X=True, fit_intercept=True, n_jobs=None,
         normalize=False))])"
880,"Pipeline(memory=None,
     steps=[('pca', PCA(copy=True, iterated_power='auto', n_components=28, random_state=None,
  svd_solver='auto', tol=0.0, whiten=False)), ('ols', LinearRegression(copy_X=True, fit_intercept=True, n_jobs=None,
         normalize=False))])"
881,"Pipeline(memory=None,
     steps=[('pca', PCA(copy=True, iterated_power='auto', n_components=27, random_state=None,
  svd_solver='auto', tol=0.0, whiten=False)), ('ols', LinearRegression(copy_X=True, fit_intercept=True, n_jobs=None,
         normalize=False))])"
882,"Pipeline(memory=None,
     steps=[('pca', PCA(copy=True, iterated_power='auto', n_components=27, random_state=None,
  svd_solver='auto', tol=0.0, whiten=False)), ('ols', LinearRegression(copy_X=True, fit_intercept=True, n_jobs=None,
         normalize=False))])"
883,"Pipeline(memory=None,
     steps=[('pca', PCA(copy=True, iterated_power='auto', n_components=27, random_state=None,
  svd_solver='auto', tol=0.0, whiten=False)), ('ols', LinearRegression(copy_X=True, fit_intercept=True, n_jobs=None,
         normalize=False))])"
884,"Pipeline(memory=None,
     steps=[('pca', PCA(copy=True, iterated_power='auto', n_components=27, random_state=None,
  svd_solver='auto', tol=0.0, whiten=False)), ('ols', LinearRegression(copy_X=True, fit_intercept=True, n_jobs=None,
         normalize=False))])"
885,"Pipeline(memory=None,
     steps=[('pca', PCA(copy=True, iterated_power='auto', n_components=27, random_state=None,
  svd_solver='auto', tol=0.0, whiten=False)), ('ols', LinearRegression(copy_X=True, fit_intercept=True, n_jobs=None,
         normalize=False))])"
886,"Pipeline(memory=None,
     steps=[('pca', PCA(copy=True, iterated_power='auto', n_components=27, random_state=None,
  svd_solver='auto', tol=0.0, whiten=False)), ('ols', LinearRegression(copy_X=True, fit_intercept=True, n_jobs=None,
         normalize=False))])"
887,"Pipeline(memory=None,
     steps=[('pca', PCA(copy=True, iterated_power='auto', n_components=28, random_state=None,
  svd_solver='auto', tol=0.0, whiten=False)), ('ols', LinearRegression(copy_X=True, fit_intercept=True, n_jobs=None,
         normalize=False))])"
888,"Pipeline(memory=None,
     steps=[('pca', PCA(copy=True, iterated_power='auto', n_components=27, random_state=None,
  svd_solver='auto', tol=0.0, whiten=False)), ('ols', LinearRegression(copy_X=True, fit_intercept=True, n_jobs=None,
         normalize=False))])"
889,"Pipeline(memory=None,
     steps=[('pca', PCA(copy=True, iterated_power='auto', n_components=27, random_state=None,
  svd_solver='auto', tol=0.0, whiten=False)), ('ols', LinearRegression(copy_X=True, fit_intercept=True, n_jobs=None,
         normalize=False))])"
890,"Pipeline(memory=None,
     steps=[('pca', PCA(copy=True, iterated_power='auto', n_components=27, random_state=None,
  svd_solver='auto', tol=0.0, whiten=False)), ('ols', LinearRegression(copy_X=True, fit_intercept=True, n_jobs=None,
         normalize=False))])"
891,"Pipeline(memory=None,
     steps=[('pca', PCA(copy=True, iterated_power='auto', n_components=27, random_state=None,
  svd_solver='auto', tol=0.0, whiten=False)), ('ols', LinearRegression(copy_X=True, fit_intercept=True, n_jobs=None,
         normalize=False))])"
892,"Pipeline(memory=None,
     steps=[('pca', PCA(copy=True, iterated_power='auto', n_components=27, random_state=None,
  svd_solver='auto', tol=0.0, whiten=False)), ('ols', LinearRegression(copy_X=True, fit_intercept=True, n_jobs=None,
         normalize=False))])"
893,"Pipeline(memory=None,
     steps=[('pca', PCA(copy=True, iterated_power='auto', n_components=27, random_state=None,
  svd_solver='auto', tol=0.0, whiten=False)), ('ols', LinearRegression(copy_X=True, fit_intercept=True, n_jobs=None,
         normalize=False))])"
894,"Pipeline(memory=None,
     steps=[('pca', PCA(copy=True, iterated_power='auto', n_components=27, random_state=None,
  svd_solver='auto', tol=0.0, whiten=False)), ('ols', LinearRegression(copy_X=True, fit_intercept=True, n_jobs=None,
         normalize=False))])"
895,"Pipeline(memory=None,
     steps=[('pca', PCA(copy=True, iterated_power='auto', n_components=27, random_state=None,
  svd_solver='auto', tol=0.0, whiten=False)), ('ols', LinearRegression(copy_X=True, fit_intercept=True, n_jobs=None,
         normalize=False))])"
896,"Pipeline(memory=None,
     steps=[('pca', PCA(copy=True, iterated_power='auto', n_components=27, random_state=None,
  svd_solver='auto', tol=0.0, whiten=False)), ('ols', LinearRegression(copy_X=True, fit_intercept=True, n_jobs=None,
         normalize=False))])"
897,"Pipeline(memory=None,
     steps=[('pca', PCA(copy=True, iterated_power='auto', n_components=27, random_state=None,
  svd_solver='auto', tol=0.0, whiten=False)), ('ols', LinearRegression(copy_X=True, fit_intercept=True, n_jobs=None,
         normalize=False))])"
898,"Pipeline(memory=None,
     steps=[('pca', PCA(copy=True, iterated_power='auto', n_components=27, random_state=None,
  svd_solver='auto', tol=0.0, whiten=False)), ('ols', LinearRegression(copy_X=True, fit_intercept=True, n_jobs=None,
         normalize=False))])"
899,"Pipeline(memory=None,
     steps=[('pca', PCA(copy=True, iterated_power='auto', n_components=27, random_state=None,
  svd_solver='auto', tol=0.0, whiten=False)), ('ols', LinearRegression(copy_X=True, fit_intercept=True, n_jobs=None,
         normalize=False))])"
900,"Pipeline(memory=None,
     steps=[('pca', PCA(copy=True, iterated_power='auto', n_components=27, random_state=None,
  svd_solver='auto', tol=0.0, whiten=False)), ('ols', LinearRegression(copy_X=True, fit_intercept=True, n_jobs=None,
         normalize=False))])"
901,"Pipeline(memory=None,
     steps=[('pca', PCA(copy=True, iterated_power='auto', n_components=27, random_state=None,
  svd_solver='auto', tol=0.0, whiten=False)), ('ols', LinearRegression(copy_X=True, fit_intercept=True, n_jobs=None,
         normalize=False))])"
902,"Pipeline(memory=None,
     steps=[('pca', PCA(copy=True, iterated_power='auto', n_components=27, random_state=None,
  svd_solver='auto', tol=0.0, whiten=False)), ('ols', LinearRegression(copy_X=True, fit_intercept=True, n_jobs=None,
         normalize=False))])"
903,"Pipeline(memory=None,
     steps=[('pca', PCA(copy=True, iterated_power='auto', n_components=27, random_state=None,
  svd_solver='auto', tol=0.0, whiten=False)), ('ols', LinearRegression(copy_X=True, fit_intercept=True, n_jobs=None,
         normalize=False))])"
904,"Pipeline(memory=None,
     steps=[('pca', PCA(copy=True, iterated_power='auto', n_components=27, random_state=None,
  svd_solver='auto', tol=0.0, whiten=False)), ('ols', LinearRegression(copy_X=True, fit_intercept=True, n_jobs=None,
         normalize=False))])"
905,"Pipeline(memory=None,
     steps=[('pca', PCA(copy=True, iterated_power='auto', n_components=27, random_state=None,
  svd_solver='auto', tol=0.0, whiten=False)), ('ols', LinearRegression(copy_X=True, fit_intercept=True, n_jobs=None,
         normalize=False))])"
906,"Pipeline(memory=None,
     steps=[('pca', PCA(copy=True, iterated_power='auto', n_components=27, random_state=None,
  svd_solver='auto', tol=0.0, whiten=False)), ('ols', LinearRegression(copy_X=True, fit_intercept=True, n_jobs=None,
         normalize=False))])"
907,"Pipeline(memory=None,
     steps=[('pca', PCA(copy=True, iterated_power='auto', n_components=27, random_state=None,
  svd_solver='auto', tol=0.0, whiten=False)), ('ols', LinearRegression(copy_X=True, fit_intercept=True, n_jobs=None,
         normalize=False))])"
908,"Pipeline(memory=None,
     steps=[('pca', PCA(copy=True, iterated_power='auto', n_components=27, random_state=None,
  svd_solver='auto', tol=0.0, whiten=False)), ('ols', LinearRegression(copy_X=True, fit_intercept=True, n_jobs=None,
         normalize=False))])"
909,"Pipeline(memory=None,
     steps=[('pca', PCA(copy=True, iterated_power='auto', n_components=27, random_state=None,
  svd_solver='auto', tol=0.0, whiten=False)), ('ols', LinearRegression(copy_X=True, fit_intercept=True, n_jobs=None,
         normalize=False))])"
910,"Pipeline(memory=None,
     steps=[('pca', PCA(copy=True, iterated_power='auto', n_components=27, random_state=None,
  svd_solver='auto', tol=0.0, whiten=False)), ('ols', LinearRegression(copy_X=True, fit_intercept=True, n_jobs=None,
         normalize=False))])"
911,"Pipeline(memory=None,
     steps=[('pca', PCA(copy=True, iterated_power='auto', n_components=27, random_state=None,
  svd_solver='auto', tol=0.0, whiten=False)), ('ols', LinearRegression(copy_X=True, fit_intercept=True, n_jobs=None,
         normalize=False))])"
912,"Pipeline(memory=None,
     steps=[('pca', PCA(copy=True, iterated_power='auto', n_components=27, random_state=None,
  svd_solver='auto', tol=0.0, whiten=False)), ('ols', LinearRegression(copy_X=True, fit_intercept=True, n_jobs=None,
         normalize=False))])"
913,"Pipeline(memory=None,
     steps=[('pca', PCA(copy=True, iterated_power='auto', n_components=27, random_state=None,
  svd_solver='auto', tol=0.0, whiten=False)), ('ols', LinearRegression(copy_X=True, fit_intercept=True, n_jobs=None,
         normalize=False))])"
914,"Pipeline(memory=None,
     steps=[('pca', PCA(copy=True, iterated_power='auto', n_components=28, random_state=None,
  svd_solver='auto', tol=0.0, whiten=False)), ('ols', LinearRegression(copy_X=True, fit_intercept=True, n_jobs=None,
         normalize=False))])"
915,"Pipeline(memory=None,
     steps=[('pca', PCA(copy=True, iterated_power='auto', n_components=27, random_state=None,
  svd_solver='auto', tol=0.0, whiten=False)), ('ols', LinearRegression(copy_X=True, fit_intercept=True, n_jobs=None,
         normalize=False))])"
916,"Pipeline(memory=None,
     steps=[('pca', PCA(copy=True, iterated_power='auto', n_components=28, random_state=None,
  svd_solver='auto', tol=0.0, whiten=False)), ('ols', LinearRegression(copy_X=True, fit_intercept=True, n_jobs=None,
         normalize=False))])"
917,"Pipeline(memory=None,
     steps=[('pca', PCA(copy=True, iterated_power='auto', n_components=27, random_state=None,
  svd_solver='auto', tol=0.0, whiten=False)), ('ols', LinearRegression(copy_X=True, fit_intercept=True, n_jobs=None,
         normalize=False))])"
918,"Pipeline(memory=None,
     steps=[('pca', PCA(copy=True, iterated_power='auto', n_components=27, random_state=None,
  svd_solver='auto', tol=0.0, whiten=False)), ('ols', LinearRegression(copy_X=True, fit_intercept=True, n_jobs=None,
         normalize=False))])"
919,"Pipeline(memory=None,
     steps=[('pca', PCA(copy=True, iterated_power='auto', n_components=27, random_state=None,
  svd_solver='auto', tol=0.0, whiten=False)), ('ols', LinearRegression(copy_X=True, fit_intercept=True, n_jobs=None,
         normalize=False))])"
920,"Pipeline(memory=None,
     steps=[('pca', PCA(copy=True, iterated_power='auto', n_components=27, random_state=None,
  svd_solver='auto', tol=0.0, whiten=False)), ('ols', LinearRegression(copy_X=True, fit_intercept=True, n_jobs=None,
         normalize=False))])"
921,"Pipeline(memory=None,
     steps=[('pca', PCA(copy=True, iterated_power='auto', n_components=27, random_state=None,
  svd_solver='auto', tol=0.0, whiten=False)), ('ols', LinearRegression(copy_X=True, fit_intercept=True, n_jobs=None,
         normalize=False))])"
922,"Pipeline(memory=None,
     steps=[('pca', PCA(copy=True, iterated_power='auto', n_components=27, random_state=None,
  svd_solver='auto', tol=0.0, whiten=False)), ('ols', LinearRegression(copy_X=True, fit_intercept=True, n_jobs=None,
         normalize=False))])"
923,"Pipeline(memory=None,
     steps=[('pca', PCA(copy=True, iterated_power='auto', n_components=27, random_state=None,
  svd_solver='auto', tol=0.0, whiten=False)), ('ols', LinearRegression(copy_X=True, fit_intercept=True, n_jobs=None,
         normalize=False))])"
924,"Pipeline(memory=None,
     steps=[('pca', PCA(copy=True, iterated_power='auto', n_components=27, random_state=None,
  svd_solver='auto', tol=0.0, whiten=False)), ('ols', LinearRegression(copy_X=True, fit_intercept=True, n_jobs=None,
         normalize=False))])"
925,"Pipeline(memory=None,
     steps=[('pca', PCA(copy=True, iterated_power='auto', n_components=27, random_state=None,
  svd_solver='auto', tol=0.0, whiten=False)), ('ols', LinearRegression(copy_X=True, fit_intercept=True, n_jobs=None,
         normalize=False))])"
926,"Pipeline(memory=None,
     steps=[('pca', PCA(copy=True, iterated_power='auto', n_components=27, random_state=None,
  svd_solver='auto', tol=0.0, whiten=False)), ('ols', LinearRegression(copy_X=True, fit_intercept=True, n_jobs=None,
         normalize=False))])"
927,"Pipeline(memory=None,
     steps=[('pca', PCA(copy=True, iterated_power='auto', n_components=27, random_state=None,
  svd_solver='auto', tol=0.0, whiten=False)), ('ols', LinearRegression(copy_X=True, fit_intercept=True, n_jobs=None,
         normalize=False))])"
928,"Pipeline(memory=None,
     steps=[('pca', PCA(copy=True, iterated_power='auto', n_components=27, random_state=None,
  svd_solver='auto', tol=0.0, whiten=False)), ('ols', LinearRegression(copy_X=True, fit_intercept=True, n_jobs=None,
         normalize=False))])"
929,"Pipeline(memory=None,
     steps=[('pca', PCA(copy=True, iterated_power='auto', n_components=27, random_state=None,
  svd_solver='auto', tol=0.0, whiten=False)), ('ols', LinearRegression(copy_X=True, fit_intercept=True, n_jobs=None,
         normalize=False))])"
930,"Pipeline(memory=None,
     steps=[('pca', PCA(copy=True, iterated_power='auto', n_components=27, random_state=None,
  svd_solver='auto', tol=0.0, whiten=False)), ('ols', LinearRegression(copy_X=True, fit_intercept=True, n_jobs=None,
         normalize=False))])"
931,"Pipeline(memory=None,
     steps=[('pca', PCA(copy=True, iterated_power='auto', n_components=27, random_state=None,
  svd_solver='auto', tol=0.0, whiten=False)), ('ols', LinearRegression(copy_X=True, fit_intercept=True, n_jobs=None,
         normalize=False))])"
932,"Pipeline(memory=None,
     steps=[('pca', PCA(copy=True, iterated_power='auto', n_components=27, random_state=None,
  svd_solver='auto', tol=0.0, whiten=False)), ('ols', LinearRegression(copy_X=True, fit_intercept=True, n_jobs=None,
         normalize=False))])"
933,"Pipeline(memory=None,
     steps=[('pca', PCA(copy=True, iterated_power='auto', n_components=28, random_state=None,
  svd_solver='auto', tol=0.0, whiten=False)), ('ols', LinearRegression(copy_X=True, fit_intercept=True, n_jobs=None,
         normalize=False))])"
934,"Pipeline(memory=None,
     steps=[('pca', PCA(copy=True, iterated_power='auto', n_components=27, random_state=None,
  svd_solver='auto', tol=0.0, whiten=False)), ('ols', LinearRegression(copy_X=True, fit_intercept=True, n_jobs=None,
         normalize=False))])"
935,"Pipeline(memory=None,
     steps=[('pca', PCA(copy=True, iterated_power='auto', n_components=27, random_state=None,
  svd_solver='auto', tol=0.0, whiten=False)), ('ols', LinearRegression(copy_X=True, fit_intercept=True, n_jobs=None,
         normalize=False))])"
936,"Pipeline(memory=None,
     steps=[('pca', PCA(copy=True, iterated_power='auto', n_components=27, random_state=None,
  svd_solver='auto', tol=0.0, whiten=False)), ('ols', LinearRegression(copy_X=True, fit_intercept=True, n_jobs=None,
         normalize=False))])"
937,"Pipeline(memory=None,
     steps=[('pca', PCA(copy=True, iterated_power='auto', n_components=27, random_state=None,
  svd_solver='auto', tol=0.0, whiten=False)), ('ols', LinearRegression(copy_X=True, fit_intercept=True, n_jobs=None,
         normalize=False))])"
938,"Pipeline(memory=None,
     steps=[('pca', PCA(copy=True, iterated_power='auto', n_components=27, random_state=None,
  svd_solver='auto', tol=0.0, whiten=False)), ('ols', LinearRegression(copy_X=True, fit_intercept=True, n_jobs=None,
         normalize=False))])"
939,"Pipeline(memory=None,
     steps=[('pca', PCA(copy=True, iterated_power='auto', n_components=27, random_state=None,
  svd_solver='auto', tol=0.0, whiten=False)), ('ols', LinearRegression(copy_X=True, fit_intercept=True, n_jobs=None,
         normalize=False))])"
940,"Pipeline(memory=None,
     steps=[('pca', PCA(copy=True, iterated_power='auto', n_components=27, random_state=None,
  svd_solver='auto', tol=0.0, whiten=False)), ('ols', LinearRegression(copy_X=True, fit_intercept=True, n_jobs=None,
         normalize=False))])"
941,"Pipeline(memory=None,
     steps=[('pca', PCA(copy=True, iterated_power='auto', n_components=27, random_state=None,
  svd_solver='auto', tol=0.0, whiten=False)), ('ols', LinearRegression(copy_X=True, fit_intercept=True, n_jobs=None,
         normalize=False))])"
942,"Pipeline(memory=None,
     steps=[('pca', PCA(copy=True, iterated_power='auto', n_components=27, random_state=None,
  svd_solver='auto', tol=0.0, whiten=False)), ('ols', LinearRegression(copy_X=True, fit_intercept=True, n_jobs=None,
         normalize=False))])"
943,"Pipeline(memory=None,
     steps=[('pca', PCA(copy=True, iterated_power='auto', n_components=27, random_state=None,
  svd_solver='auto', tol=0.0, whiten=False)), ('ols', LinearRegression(copy_X=True, fit_intercept=True, n_jobs=None,
         normalize=False))])"
944,"Pipeline(memory=None,
     steps=[('pca', PCA(copy=True, iterated_power='auto', n_components=27, random_state=None,
  svd_solver='auto', tol=0.0, whiten=False)), ('ols', LinearRegression(copy_X=True, fit_intercept=True, n_jobs=None,
         normalize=False))])"
945,"Pipeline(memory=None,
     steps=[('pca', PCA(copy=True, iterated_power='auto', n_components=27, random_state=None,
  svd_solver='auto', tol=0.0, whiten=False)), ('ols', LinearRegression(copy_X=True, fit_intercept=True, n_jobs=None,
         normalize=False))])"
946,"Pipeline(memory=None,
     steps=[('pca', PCA(copy=True, iterated_power='auto', n_components=27, random_state=None,
  svd_solver='auto', tol=0.0, whiten=False)), ('ols', LinearRegression(copy_X=True, fit_intercept=True, n_jobs=None,
         normalize=False))])"
947,"Pipeline(memory=None,
     steps=[('pca', PCA(copy=True, iterated_power='auto', n_components=27, random_state=None,
  svd_solver='auto', tol=0.0, whiten=False)), ('ols', LinearRegression(copy_X=True, fit_intercept=True, n_jobs=None,
         normalize=False))])"
948,"Pipeline(memory=None,
     steps=[('pca', PCA(copy=True, iterated_power='auto', n_components=27, random_state=None,
  svd_solver='auto', tol=0.0, whiten=False)), ('ols', LinearRegression(copy_X=True, fit_intercept=True, n_jobs=None,
         normalize=False))])"
949,"Pipeline(memory=None,
     steps=[('pca', PCA(copy=True, iterated_power='auto', n_components=27, random_state=None,
  svd_solver='auto', tol=0.0, whiten=False)), ('ols', LinearRegression(copy_X=True, fit_intercept=True, n_jobs=None,
         normalize=False))])"
950,"Pipeline(memory=None,
     steps=[('pca', PCA(copy=True, iterated_power='auto', n_components=28, random_state=None,
  svd_solver='auto', tol=0.0, whiten=False)), ('ols', LinearRegression(copy_X=True, fit_intercept=True, n_jobs=None,
         normalize=False))])"
951,"Pipeline(memory=None,
     steps=[('pca', PCA(copy=True, iterated_power='auto', n_components=28, random_state=None,
  svd_solver='auto', tol=0.0, whiten=False)), ('ols', LinearRegression(copy_X=True, fit_intercept=True, n_jobs=None,
         normalize=False))])"
952,"Pipeline(memory=None,
     steps=[('pca', PCA(copy=True, iterated_power='auto', n_components=27, random_state=None,
  svd_solver='auto', tol=0.0, whiten=False)), ('ols', LinearRegression(copy_X=True, fit_intercept=True, n_jobs=None,
         normalize=False))])"
953,"Pipeline(memory=None,
     steps=[('pca', PCA(copy=True, iterated_power='auto', n_components=27, random_state=None,
  svd_solver='auto', tol=0.0, whiten=False)), ('ols', LinearRegression(copy_X=True, fit_intercept=True, n_jobs=None,
         normalize=False))])"
954,"Pipeline(memory=None,
     steps=[('pca', PCA(copy=True, iterated_power='auto', n_components=27, random_state=None,
  svd_solver='auto', tol=0.0, whiten=False)), ('ols', LinearRegression(copy_X=True, fit_intercept=True, n_jobs=None,
         normalize=False))])"
955,"Pipeline(memory=None,
     steps=[('pca', PCA(copy=True, iterated_power='auto', n_components=27, random_state=None,
  svd_solver='auto', tol=0.0, whiten=False)), ('ols', LinearRegression(copy_X=True, fit_intercept=True, n_jobs=None,
         normalize=False))])"
956,"Pipeline(memory=None,
     steps=[('pca', PCA(copy=True, iterated_power='auto', n_components=27, random_state=None,
  svd_solver='auto', tol=0.0, whiten=False)), ('ols', LinearRegression(copy_X=True, fit_intercept=True, n_jobs=None,
         normalize=False))])"
957,"Pipeline(memory=None,
     steps=[('pca', PCA(copy=True, iterated_power='auto', n_components=27, random_state=None,
  svd_solver='auto', tol=0.0, whiten=False)), ('ols', LinearRegression(copy_X=True, fit_intercept=True, n_jobs=None,
         normalize=False))])"
958,"Pipeline(memory=None,
     steps=[('pca', PCA(copy=True, iterated_power='auto', n_components=27, random_state=None,
  svd_solver='auto', tol=0.0, whiten=False)), ('ols', LinearRegression(copy_X=True, fit_intercept=True, n_jobs=None,
         normalize=False))])"
959,"Pipeline(memory=None,
     steps=[('pca', PCA(copy=True, iterated_power='auto', n_components=27, random_state=None,
  svd_solver='auto', tol=0.0, whiten=False)), ('ols', LinearRegression(copy_X=True, fit_intercept=True, n_jobs=None,
         normalize=False))])"
960,"Pipeline(memory=None,
     steps=[('pca', PCA(copy=True, iterated_power='auto', n_components=27, random_state=None,
  svd_solver='auto', tol=0.0, whiten=False)), ('ols', LinearRegression(copy_X=True, fit_intercept=True, n_jobs=None,
         normalize=False))])"
961,"Pipeline(memory=None,
     steps=[('pca', PCA(copy=True, iterated_power='auto', n_components=28, random_state=None,
  svd_solver='auto', tol=0.0, whiten=False)), ('ols', LinearRegression(copy_X=True, fit_intercept=True, n_jobs=None,
         normalize=False))])"
962,"Pipeline(memory=None,
     steps=[('pca', PCA(copy=True, iterated_power='auto', n_components=27, random_state=None,
  svd_solver='auto', tol=0.0, whiten=False)), ('ols', LinearRegression(copy_X=True, fit_intercept=True, n_jobs=None,
         normalize=False))])"
963,"Pipeline(memory=None,
     steps=[('pca', PCA(copy=True, iterated_power='auto', n_components=27, random_state=None,
  svd_solver='auto', tol=0.0, whiten=False)), ('ols', LinearRegression(copy_X=True, fit_intercept=True, n_jobs=None,
         normalize=False))])"
964,"Pipeline(memory=None,
     steps=[('pca', PCA(copy=True, iterated_power='auto', n_components=27, random_state=None,
  svd_solver='auto', tol=0.0, whiten=False)), ('ols', LinearRegression(copy_X=True, fit_intercept=True, n_jobs=None,
         normalize=False))])"
965,"Pipeline(memory=None,
     steps=[('pca', PCA(copy=True, iterated_power='auto', n_components=27, random_state=None,
  svd_solver='auto', tol=0.0, whiten=False)), ('ols', LinearRegression(copy_X=True, fit_intercept=True, n_jobs=None,
         normalize=False))])"
966,"Pipeline(memory=None,
     steps=[('pca', PCA(copy=True, iterated_power='auto', n_components=27, random_state=None,
  svd_solver='auto', tol=0.0, whiten=False)), ('ols', LinearRegression(copy_X=True, fit_intercept=True, n_jobs=None,
         normalize=False))])"
967,"Pipeline(memory=None,
     steps=[('pca', PCA(copy=True, iterated_power='auto', n_components=27, random_state=None,
  svd_solver='auto', tol=0.0, whiten=False)), ('ols', LinearRegression(copy_X=True, fit_intercept=True, n_jobs=None,
         normalize=False))])"
968,"Pipeline(memory=None,
     steps=[('pca', PCA(copy=True, iterated_power='auto', n_components=27, random_state=None,
  svd_solver='auto', tol=0.0, whiten=False)), ('ols', LinearRegression(copy_X=True, fit_intercept=True, n_jobs=None,
         normalize=False))])"
969,"Pipeline(memory=None,
     steps=[('pca', PCA(copy=True, iterated_power='auto', n_components=27, random_state=None,
  svd_solver='auto', tol=0.0, whiten=False)), ('ols', LinearRegression(copy_X=True, fit_intercept=True, n_jobs=None,
         normalize=False))])"
970,"Pipeline(memory=None,
     steps=[('pca', PCA(copy=True, iterated_power='auto', n_components=27, random_state=None,
  svd_solver='auto', tol=0.0, whiten=False)), ('ols', LinearRegression(copy_X=True, fit_intercept=True, n_jobs=None,
         normalize=False))])"
971,"Pipeline(memory=None,
     steps=[('pca', PCA(copy=True, iterated_power='auto', n_components=27, random_state=None,
  svd_solver='auto', tol=0.0, whiten=False)), ('ols', LinearRegression(copy_X=True, fit_intercept=True, n_jobs=None,
         normalize=False))])"
972,"Pipeline(memory=None,
     steps=[('pca', PCA(copy=True, iterated_power='auto', n_components=28, random_state=None,
  svd_solver='auto', tol=0.0, whiten=False)), ('ols', LinearRegression(copy_X=True, fit_intercept=True, n_jobs=None,
         normalize=False))])"
973,"Pipeline(memory=None,
     steps=[('pca', PCA(copy=True, iterated_power='auto', n_components=27, random_state=None,
  svd_solver='auto', tol=0.0, whiten=False)), ('ols', LinearRegression(copy_X=True, fit_intercept=True, n_jobs=None,
         normalize=False))])"
974,"Pipeline(memory=None,
     steps=[('pca', PCA(copy=True, iterated_power='auto', n_components=27, random_state=None,
  svd_solver='auto', tol=0.0, whiten=False)), ('ols', LinearRegression(copy_X=True, fit_intercept=True, n_jobs=None,
         normalize=False))])"
975,"Pipeline(memory=None,
     steps=[('pca', PCA(copy=True, iterated_power='auto', n_components=27, random_state=None,
  svd_solver='auto', tol=0.0, whiten=False)), ('ols', LinearRegression(copy_X=True, fit_intercept=True, n_jobs=None,
         normalize=False))])"
976,"Pipeline(memory=None,
     steps=[('pca', PCA(copy=True, iterated_power='auto', n_components=27, random_state=None,
  svd_solver='auto', tol=0.0, whiten=False)), ('ols', LinearRegression(copy_X=True, fit_intercept=True, n_jobs=None,
         normalize=False))])"
977,"Pipeline(memory=None,
     steps=[('pca', PCA(copy=True, iterated_power='auto', n_components=28, random_state=None,
  svd_solver='auto', tol=0.0, whiten=False)), ('ols', LinearRegression(copy_X=True, fit_intercept=True, n_jobs=None,
         normalize=False))])"
978,"Pipeline(memory=None,
     steps=[('pca', PCA(copy=True, iterated_power='auto', n_components=27, random_state=None,
  svd_solver='auto', tol=0.0, whiten=False)), ('ols', LinearRegression(copy_X=True, fit_intercept=True, n_jobs=None,
         normalize=False))])"
979,"Pipeline(memory=None,
     steps=[('pca', PCA(copy=True, iterated_power='auto', n_components=27, random_state=None,
  svd_solver='auto', tol=0.0, whiten=False)), ('ols', LinearRegression(copy_X=True, fit_intercept=True, n_jobs=None,
         normalize=False))])"
980,"Pipeline(memory=None,
     steps=[('pca', PCA(copy=True, iterated_power='auto', n_components=27, random_state=None,
  svd_solver='auto', tol=0.0, whiten=False)), ('ols', LinearRegression(copy_X=True, fit_intercept=True, n_jobs=None,
         normalize=False))])"
981,"Pipeline(memory=None,
     steps=[('pca', PCA(copy=True, iterated_power='auto', n_components=28, random_state=None,
  svd_solver='auto', tol=0.0, whiten=False)), ('ols', LinearRegression(copy_X=True, fit_intercept=True, n_jobs=None,
         normalize=False))])"
982,"Pipeline(memory=None,
     steps=[('pca', PCA(copy=True, iterated_power='auto', n_components=27, random_state=None,
  svd_solver='auto', tol=0.0, whiten=False)), ('ols', LinearRegression(copy_X=True, fit_intercept=True, n_jobs=None,
         normalize=False))])"
983,"Pipeline(memory=None,
     steps=[('pca', PCA(copy=True, iterated_power='auto', n_components=27, random_state=None,
  svd_solver='auto', tol=0.0, whiten=False)), ('ols', LinearRegression(copy_X=True, fit_intercept=True, n_jobs=None,
         normalize=False))])"
984,"Pipeline(memory=None,
     steps=[('pca', PCA(copy=True, iterated_power='auto', n_components=27, random_state=None,
  svd_solver='auto', tol=0.0, whiten=False)), ('ols', LinearRegression(copy_X=True, fit_intercept=True, n_jobs=None,
         normalize=False))])"
985,"Pipeline(memory=None,
     steps=[('pca', PCA(copy=True, iterated_power='auto', n_components=28, random_state=None,
  svd_solver='auto', tol=0.0, whiten=False)), ('ols', LinearRegression(copy_X=True, fit_intercept=True, n_jobs=None,
         normalize=False))])"
986,"Pipeline(memory=None,
     steps=[('pca', PCA(copy=True, iterated_power='auto', n_components=27, random_state=None,
  svd_solver='auto', tol=0.0, whiten=False)), ('ols', LinearRegression(copy_X=True, fit_intercept=True, n_jobs=None,
         normalize=False))])"
987,"Pipeline(memory=None,
     steps=[('pca', PCA(copy=True, iterated_power='auto', n_components=28, random_state=None,
  svd_solver='auto', tol=0.0, whiten=False)), ('ols', LinearRegression(copy_X=True, fit_intercept=True, n_jobs=None,
         normalize=False))])"
988,"Pipeline(memory=None,
     steps=[('pca', PCA(copy=True, iterated_power='auto', n_components=27, random_state=None,
  svd_solver='auto', tol=0.0, whiten=False)), ('ols', LinearRegression(copy_X=True, fit_intercept=True, n_jobs=None,
         normalize=False))])"
989,"Pipeline(memory=None,
     steps=[('pca', PCA(copy=True, iterated_power='auto', n_components=27, random_state=None,
  svd_solver='auto', tol=0.0, whiten=False)), ('ols', LinearRegression(copy_X=True, fit_intercept=True, n_jobs=None,
         normalize=False))])"
990,"Pipeline(memory=None,
     steps=[('pca', PCA(copy=True, iterated_power='auto', n_components=27, random_state=None,
  svd_solver='auto', tol=0.0, whiten=False)), ('ols', LinearRegression(copy_X=True, fit_intercept=True, n_jobs=None,
         normalize=False))])"
991,"Pipeline(memory=None,
     steps=[('pca', PCA(copy=True, iterated_power='auto', n_components=27, random_state=None,
  svd_solver='auto', tol=0.0, whiten=False)), ('ols', LinearRegression(copy_X=True, fit_intercept=True, n_jobs=None,
         normalize=False))])"
992,"Pipeline(memory=None,
     steps=[('pca', PCA(copy=True, iterated_power='auto', n_components=27, random_state=None,
  svd_solver='auto', tol=0.0, whiten=False)), ('ols', LinearRegression(copy_X=True, fit_intercept=True, n_jobs=None,
         normalize=False))])"
993,"Pipeline(memory=None,
     steps=[('pca', PCA(copy=True, iterated_power='auto', n_components=27, random_state=None,
  svd_solver='auto', tol=0.0, whiten=False)), ('ols', LinearRegression(copy_X=True, fit_intercept=True, n_jobs=None,
         normalize=False))])"
994,"Pipeline(memory=None,
     steps=[('pca', PCA(copy=True, iterated_power='auto', n_components=27, random_state=None,
  svd_solver='auto', tol=0.0, whiten=False)), ('ols', LinearRegression(copy_X=True, fit_intercept=True, n_jobs=None,
         normalize=False))])"
995,"Pipeline(memory=None,
     steps=[('pca', PCA(copy=True, iterated_power='auto', n_components=27, random_state=None,
  svd_solver='auto', tol=0.0, whiten=False)), ('ols', LinearRegression(copy_X=True, fit_intercept=True, n_jobs=None,
         normalize=False))])"
996,"Pipeline(memory=None,
     steps=[('pca', PCA(copy=True, iterated_power='auto', n_components=27, random_state=None,
  svd_solver='auto', tol=0.0, whiten=False)), ('ols', LinearRegression(copy_X=True, fit_intercept=True, n_jobs=None,
         normalize=False))])"
997,"Pipeline(memory=None,
     steps=[('pca', PCA(copy=True, iterated_power='auto', n_components=28, random_state=None,
  svd_solver='auto', tol=0.0, whiten=False)), ('ols', LinearRegression(copy_X=True, fit_intercept=True, n_jobs=None,
         normalize=False))])"
998,"Pipeline(memory=None,
     steps=[('pca', PCA(copy=True, iterated_power='auto', n_components=27, random_state=None,
  svd_solver='auto', tol=0.0, whiten=False)), ('ols', LinearRegression(copy_X=True, fit_intercept=True, n_jobs=None,
         normalize=False))])"
999,"Pipeline(memory=None,
     steps=[('pca', PCA(copy=True, iterated_power='auto', n_components=27, random_state=None,
  svd_solver='auto', tol=0.0, whiten=False)), ('ols', LinearRegression(copy_X=True, fit_intercept=True, n_jobs=None,
         normalize=False))])"
1000,"Pipeline(memory=None,
     steps=[('pca', PCA(copy=True, iterated_power='auto', n_components=27, random_state=None,
  svd_solver='auto', tol=0.0, whiten=False)), ('ols', LinearRegression(copy_X=True, fit_intercept=True, n_jobs=None,
         normalize=False))])"
1001,"Pipeline(memory=None,
     steps=[('pca', PCA(copy=True, iterated_power='auto', n_components=27, random_state=None,
  svd_solver='auto', tol=0.0, whiten=False)), ('ols', LinearRegression(copy_X=True, fit_intercept=True, n_jobs=None,
         normalize=False))])"
1002,"Pipeline(memory=None,
     steps=[('pca', PCA(copy=True, iterated_power='auto', n_components=27, random_state=None,
  svd_solver='auto', tol=0.0, whiten=False)), ('ols', LinearRegression(copy_X=True, fit_intercept=True, n_jobs=None,
         normalize=False))])"
1003,"Pipeline(memory=None,
     steps=[('pca', PCA(copy=True, iterated_power='auto', n_components=27, random_state=None,
  svd_solver='auto', tol=0.0, whiten=False)), ('ols', LinearRegression(copy_X=True, fit_intercept=True, n_jobs=None,
         normalize=False))])"
1004,"Pipeline(memory=None,
     steps=[('pca', PCA(copy=True, iterated_power='auto', n_components=27, random_state=None,
  svd_solver='auto', tol=0.0, whiten=False)), ('ols', LinearRegression(copy_X=True, fit_intercept=True, n_jobs=None,
         normalize=False))])"
1005,"Pipeline(memory=None,
     steps=[('pca', PCA(copy=True, iterated_power='auto', n_components=27, random_state=None,
  svd_solver='auto', tol=0.0, whiten=False)), ('ols', LinearRegression(copy_X=True, fit_intercept=True, n_jobs=None,
         normalize=False))])"
1006,"Pipeline(memory=None,
     steps=[('pca', PCA(copy=True, iterated_power='auto', n_components=27, random_state=None,
  svd_solver='auto', tol=0.0, whiten=False)), ('ols', LinearRegression(copy_X=True, fit_intercept=True, n_jobs=None,
         normalize=False))])"
1007,"Pipeline(memory=None,
     steps=[('pca', PCA(copy=True, iterated_power='auto', n_components=27, random_state=None,
  svd_solver='auto', tol=0.0, whiten=False)), ('ols', LinearRegression(copy_X=True, fit_intercept=True, n_jobs=None,
         normalize=False))])"
1008,"Pipeline(memory=None,
     steps=[('pca', PCA(copy=True, iterated_power='auto', n_components=27, random_state=None,
  svd_solver='auto', tol=0.0, whiten=False)), ('ols', LinearRegression(copy_X=True, fit_intercept=True, n_jobs=None,
         normalize=False))])"
1009,"Pipeline(memory=None,
     steps=[('pca', PCA(copy=True, iterated_power='auto', n_components=27, random_state=None,
  svd_solver='auto', tol=0.0, whiten=False)), ('ols', LinearRegression(copy_X=True, fit_intercept=True, n_jobs=None,
         normalize=False))])"
1010,"Pipeline(memory=None,
     steps=[('pca', PCA(copy=True, iterated_power='auto', n_components=27, random_state=None,
  svd_solver='auto', tol=0.0, whiten=False)), ('ols', LinearRegression(copy_X=True, fit_intercept=True, n_jobs=None,
         normalize=False))])"
1011,"Pipeline(memory=None,
     steps=[('pca', PCA(copy=True, iterated_power='auto', n_components=27, random_state=None,
  svd_solver='auto', tol=0.0, whiten=False)), ('ols', LinearRegression(copy_X=True, fit_intercept=True, n_jobs=None,
         normalize=False))])"
1012,"Pipeline(memory=None,
     steps=[('pca', PCA(copy=True, iterated_power='auto', n_components=27, random_state=None,
  svd_solver='auto', tol=0.0, whiten=False)), ('ols', LinearRegression(copy_X=True, fit_intercept=True, n_jobs=None,
         normalize=False))])"
1013,"Pipeline(memory=None,
     steps=[('pca', PCA(copy=True, iterated_power='auto', n_components=27, random_state=None,
  svd_solver='auto', tol=0.0, whiten=False)), ('ols', LinearRegression(copy_X=True, fit_intercept=True, n_jobs=None,
         normalize=False))])"
1014,"Pipeline(memory=None,
     steps=[('pca', PCA(copy=True, iterated_power='auto', n_components=28, random_state=None,
  svd_solver='auto', tol=0.0, whiten=False)), ('ols', LinearRegression(copy_X=True, fit_intercept=True, n_jobs=None,
         normalize=False))])"
1015,"Pipeline(memory=None,
     steps=[('pca', PCA(copy=True, iterated_power='auto', n_components=27, random_state=None,
  svd_solver='auto', tol=0.0, whiten=False)), ('ols', LinearRegression(copy_X=True, fit_intercept=True, n_jobs=None,
         normalize=False))])"
1016,"Pipeline(memory=None,
     steps=[('pca', PCA(copy=True, iterated_power='auto', n_components=27, random_state=None,
  svd_solver='auto', tol=0.0, whiten=False)), ('ols', LinearRegression(copy_X=True, fit_intercept=True, n_jobs=None,
         normalize=False))])"
1017,"Pipeline(memory=None,
     steps=[('pca', PCA(copy=True, iterated_power='auto', n_components=27, random_state=None,
  svd_solver='auto', tol=0.0, whiten=False)), ('ols', LinearRegression(copy_X=True, fit_intercept=True, n_jobs=None,
         normalize=False))])"
1018,"Pipeline(memory=None,
     steps=[('pca', PCA(copy=True, iterated_power='auto', n_components=27, random_state=None,
  svd_solver='auto', tol=0.0, whiten=False)), ('ols', LinearRegression(copy_X=True, fit_intercept=True, n_jobs=None,
         normalize=False))])"
1019,"Pipeline(memory=None,
     steps=[('pca', PCA(copy=True, iterated_power='auto', n_components=27, random_state=None,
  svd_solver='auto', tol=0.0, whiten=False)), ('ols', LinearRegression(copy_X=True, fit_intercept=True, n_jobs=None,
         normalize=False))])"
