,0
528,"{'adab': AdaBoostRegressor(base_estimator=None, learning_rate=1.0, loss='linear',
         n_estimators=100, random_state=0)}"
529,"{'adab': AdaBoostRegressor(base_estimator=None, learning_rate=1.0, loss='linear',
         n_estimators=100, random_state=0)}"
530,"{'adab': AdaBoostRegressor(base_estimator=None, learning_rate=1.0, loss='linear',
         n_estimators=100, random_state=0)}"
531,"{'adab': AdaBoostRegressor(base_estimator=None, learning_rate=1.0, loss='linear',
         n_estimators=100, random_state=0)}"
532,"{'adab': AdaBoostRegressor(base_estimator=None, learning_rate=1.0, loss='linear',
         n_estimators=100, random_state=0)}"
533,"{'adab': AdaBoostRegressor(base_estimator=None, learning_rate=1.0, loss='linear',
         n_estimators=100, random_state=0)}"
534,"{'adab': AdaBoostRegressor(base_estimator=None, learning_rate=1.0, loss='linear',
         n_estimators=100, random_state=0)}"
535,"{'adab': AdaBoostRegressor(base_estimator=None, learning_rate=1.0, loss='linear',
         n_estimators=100, random_state=0)}"
536,"{'adab': AdaBoostRegressor(base_estimator=None, learning_rate=1.0, loss='linear',
         n_estimators=100, random_state=0)}"
537,"{'adab': AdaBoostRegressor(base_estimator=None, learning_rate=1.0, loss='linear',
         n_estimators=100, random_state=0)}"
538,"{'adab': AdaBoostRegressor(base_estimator=None, learning_rate=1.0, loss='linear',
         n_estimators=100, random_state=0)}"
539,"{'adab': AdaBoostRegressor(base_estimator=None, learning_rate=1.0, loss='linear',
         n_estimators=100, random_state=0)}"
540,"{'adab': AdaBoostRegressor(base_estimator=None, learning_rate=1.0, loss='linear',
         n_estimators=100, random_state=0)}"
541,"{'adab': AdaBoostRegressor(base_estimator=None, learning_rate=1.0, loss='linear',
         n_estimators=100, random_state=0)}"
542,"{'adab': AdaBoostRegressor(base_estimator=None, learning_rate=1.0, loss='linear',
         n_estimators=100, random_state=0)}"
543,"{'adab': AdaBoostRegressor(base_estimator=None, learning_rate=1.0, loss='linear',
         n_estimators=100, random_state=0)}"
544,"{'adab': AdaBoostRegressor(base_estimator=None, learning_rate=1.0, loss='linear',
         n_estimators=100, random_state=0)}"
545,"{'adab': AdaBoostRegressor(base_estimator=None, learning_rate=1.0, loss='linear',
         n_estimators=100, random_state=0)}"
546,"{'adab': AdaBoostRegressor(base_estimator=None, learning_rate=1.0, loss='linear',
         n_estimators=100, random_state=0)}"
547,"{'adab': AdaBoostRegressor(base_estimator=None, learning_rate=1.0, loss='linear',
         n_estimators=100, random_state=0)}"
548,"{'adab': AdaBoostRegressor(base_estimator=None, learning_rate=1.0, loss='linear',
         n_estimators=100, random_state=0)}"
549,"{'adab': AdaBoostRegressor(base_estimator=None, learning_rate=1.0, loss='linear',
         n_estimators=100, random_state=0)}"
550,"{'adab': AdaBoostRegressor(base_estimator=None, learning_rate=1.0, loss='linear',
         n_estimators=100, random_state=0)}"
551,"{'adab': AdaBoostRegressor(base_estimator=None, learning_rate=1.0, loss='linear',
         n_estimators=100, random_state=0)}"
552,"{'adab': AdaBoostRegressor(base_estimator=None, learning_rate=1.0, loss='linear',
         n_estimators=100, random_state=0)}"
553,"{'adab': AdaBoostRegressor(base_estimator=None, learning_rate=1.0, loss='linear',
         n_estimators=100, random_state=0)}"
554,"{'adab': AdaBoostRegressor(base_estimator=None, learning_rate=1.0, loss='linear',
         n_estimators=100, random_state=0)}"
555,"{'adab': AdaBoostRegressor(base_estimator=None, learning_rate=1.0, loss='linear',
         n_estimators=100, random_state=0)}"
556,"{'adab': AdaBoostRegressor(base_estimator=None, learning_rate=1.0, loss='linear',
         n_estimators=100, random_state=0)}"
557,"{'adab': AdaBoostRegressor(base_estimator=None, learning_rate=1.0, loss='linear',
         n_estimators=100, random_state=0)}"
558,"{'adab': AdaBoostRegressor(base_estimator=None, learning_rate=1.0, loss='linear',
         n_estimators=100, random_state=0)}"
559,"{'adab': AdaBoostRegressor(base_estimator=None, learning_rate=1.0, loss='linear',
         n_estimators=100, random_state=0)}"
560,"{'adab': AdaBoostRegressor(base_estimator=None, learning_rate=1.0, loss='linear',
         n_estimators=100, random_state=0)}"
561,"{'adab': AdaBoostRegressor(base_estimator=None, learning_rate=1.0, loss='linear',
         n_estimators=100, random_state=0)}"
562,"{'adab': AdaBoostRegressor(base_estimator=None, learning_rate=1.0, loss='linear',
         n_estimators=100, random_state=0)}"
563,"{'adab': AdaBoostRegressor(base_estimator=None, learning_rate=1.0, loss='linear',
         n_estimators=100, random_state=0)}"
564,"{'adab': AdaBoostRegressor(base_estimator=None, learning_rate=1.0, loss='linear',
         n_estimators=100, random_state=0)}"
565,"{'adab': AdaBoostRegressor(base_estimator=None, learning_rate=1.0, loss='linear',
         n_estimators=100, random_state=0)}"
566,"{'adab': AdaBoostRegressor(base_estimator=None, learning_rate=1.0, loss='linear',
         n_estimators=100, random_state=0)}"
567,"{'adab': AdaBoostRegressor(base_estimator=None, learning_rate=1.0, loss='linear',
         n_estimators=100, random_state=0)}"
568,"{'adab': AdaBoostRegressor(base_estimator=None, learning_rate=1.0, loss='linear',
         n_estimators=100, random_state=0)}"
569,"{'adab': AdaBoostRegressor(base_estimator=None, learning_rate=1.0, loss='linear',
         n_estimators=100, random_state=0)}"
570,"{'adab': AdaBoostRegressor(base_estimator=None, learning_rate=1.0, loss='linear',
         n_estimators=100, random_state=0)}"
571,"{'adab': AdaBoostRegressor(base_estimator=None, learning_rate=1.0, loss='linear',
         n_estimators=100, random_state=0)}"
572,"{'adab': AdaBoostRegressor(base_estimator=None, learning_rate=1.0, loss='linear',
         n_estimators=100, random_state=0)}"
573,"{'adab': AdaBoostRegressor(base_estimator=None, learning_rate=1.0, loss='linear',
         n_estimators=100, random_state=0)}"
574,"{'adab': AdaBoostRegressor(base_estimator=None, learning_rate=1.0, loss='linear',
         n_estimators=100, random_state=0)}"
575,"{'adab': AdaBoostRegressor(base_estimator=None, learning_rate=1.0, loss='linear',
         n_estimators=100, random_state=0)}"
576,"{'adab': AdaBoostRegressor(base_estimator=None, learning_rate=1.0, loss='linear',
         n_estimators=100, random_state=0)}"
577,"{'adab': AdaBoostRegressor(base_estimator=None, learning_rate=1.0, loss='linear',
         n_estimators=100, random_state=0)}"
578,"{'adab': AdaBoostRegressor(base_estimator=None, learning_rate=1.0, loss='linear',
         n_estimators=100, random_state=0)}"
579,"{'adab': AdaBoostRegressor(base_estimator=None, learning_rate=1.0, loss='linear',
         n_estimators=100, random_state=0)}"
580,"{'adab': AdaBoostRegressor(base_estimator=None, learning_rate=1.0, loss='linear',
         n_estimators=100, random_state=0)}"
581,"{'adab': AdaBoostRegressor(base_estimator=None, learning_rate=1.0, loss='linear',
         n_estimators=100, random_state=0)}"
582,"{'adab': AdaBoostRegressor(base_estimator=None, learning_rate=1.0, loss='linear',
         n_estimators=100, random_state=0)}"
583,"{'adab': AdaBoostRegressor(base_estimator=None, learning_rate=1.0, loss='linear',
         n_estimators=100, random_state=0)}"
584,"{'adab': AdaBoostRegressor(base_estimator=None, learning_rate=1.0, loss='linear',
         n_estimators=100, random_state=0)}"
585,"{'adab': AdaBoostRegressor(base_estimator=None, learning_rate=1.0, loss='linear',
         n_estimators=100, random_state=0)}"
586,"{'adab': AdaBoostRegressor(base_estimator=None, learning_rate=1.0, loss='linear',
         n_estimators=100, random_state=0)}"
587,"{'adab': AdaBoostRegressor(base_estimator=None, learning_rate=1.0, loss='linear',
         n_estimators=100, random_state=0)}"
588,"{'adab': AdaBoostRegressor(base_estimator=None, learning_rate=1.0, loss='linear',
         n_estimators=100, random_state=0)}"
589,"{'adab': AdaBoostRegressor(base_estimator=None, learning_rate=1.0, loss='linear',
         n_estimators=100, random_state=0)}"
590,"{'adab': AdaBoostRegressor(base_estimator=None, learning_rate=1.0, loss='linear',
         n_estimators=100, random_state=0)}"
591,"{'adab': AdaBoostRegressor(base_estimator=None, learning_rate=1.0, loss='linear',
         n_estimators=100, random_state=0)}"
592,"{'adab': AdaBoostRegressor(base_estimator=None, learning_rate=1.0, loss='linear',
         n_estimators=100, random_state=0)}"
593,"{'adab': AdaBoostRegressor(base_estimator=None, learning_rate=1.0, loss='linear',
         n_estimators=100, random_state=0)}"
594,"{'adab': AdaBoostRegressor(base_estimator=None, learning_rate=1.0, loss='linear',
         n_estimators=100, random_state=0)}"
595,"{'adab': AdaBoostRegressor(base_estimator=None, learning_rate=1.0, loss='linear',
         n_estimators=100, random_state=0)}"
596,"{'adab': AdaBoostRegressor(base_estimator=None, learning_rate=1.0, loss='linear',
         n_estimators=100, random_state=0)}"
597,"{'adab': AdaBoostRegressor(base_estimator=None, learning_rate=1.0, loss='linear',
         n_estimators=100, random_state=0)}"
598,"{'adab': AdaBoostRegressor(base_estimator=None, learning_rate=1.0, loss='linear',
         n_estimators=100, random_state=0)}"
599,"{'adab': AdaBoostRegressor(base_estimator=None, learning_rate=1.0, loss='linear',
         n_estimators=100, random_state=0)}"
600,"{'adab': AdaBoostRegressor(base_estimator=None, learning_rate=1.0, loss='linear',
         n_estimators=100, random_state=0)}"
601,"{'adab': AdaBoostRegressor(base_estimator=None, learning_rate=1.0, loss='linear',
         n_estimators=100, random_state=0)}"
602,"{'adab': AdaBoostRegressor(base_estimator=None, learning_rate=1.0, loss='linear',
         n_estimators=100, random_state=0)}"
603,"{'adab': AdaBoostRegressor(base_estimator=None, learning_rate=1.0, loss='linear',
         n_estimators=100, random_state=0)}"
604,"{'adab': AdaBoostRegressor(base_estimator=None, learning_rate=1.0, loss='linear',
         n_estimators=100, random_state=0)}"
605,"{'adab': AdaBoostRegressor(base_estimator=None, learning_rate=1.0, loss='linear',
         n_estimators=100, random_state=0)}"
606,"{'adab': AdaBoostRegressor(base_estimator=None, learning_rate=1.0, loss='linear',
         n_estimators=100, random_state=0)}"
607,"{'adab': AdaBoostRegressor(base_estimator=None, learning_rate=1.0, loss='linear',
         n_estimators=100, random_state=0)}"
608,"{'adab': AdaBoostRegressor(base_estimator=None, learning_rate=1.0, loss='linear',
         n_estimators=100, random_state=0)}"
609,"{'adab': AdaBoostRegressor(base_estimator=None, learning_rate=1.0, loss='linear',
         n_estimators=100, random_state=0)}"
610,"{'adab': AdaBoostRegressor(base_estimator=None, learning_rate=1.0, loss='linear',
         n_estimators=100, random_state=0)}"
611,"{'adab': AdaBoostRegressor(base_estimator=None, learning_rate=1.0, loss='linear',
         n_estimators=100, random_state=0)}"
612,"{'adab': AdaBoostRegressor(base_estimator=None, learning_rate=1.0, loss='linear',
         n_estimators=100, random_state=0)}"
613,"{'adab': AdaBoostRegressor(base_estimator=None, learning_rate=1.0, loss='linear',
         n_estimators=100, random_state=0)}"
614,"{'adab': AdaBoostRegressor(base_estimator=None, learning_rate=1.0, loss='linear',
         n_estimators=100, random_state=0)}"
615,"{'adab': AdaBoostRegressor(base_estimator=None, learning_rate=1.0, loss='linear',
         n_estimators=100, random_state=0)}"
616,"{'adab': AdaBoostRegressor(base_estimator=None, learning_rate=1.0, loss='linear',
         n_estimators=100, random_state=0)}"
617,"{'adab': AdaBoostRegressor(base_estimator=None, learning_rate=1.0, loss='linear',
         n_estimators=100, random_state=0)}"
618,"{'adab': AdaBoostRegressor(base_estimator=None, learning_rate=1.0, loss='linear',
         n_estimators=100, random_state=0)}"
619,"{'adab': AdaBoostRegressor(base_estimator=None, learning_rate=1.0, loss='linear',
         n_estimators=100, random_state=0)}"
620,"{'adab': AdaBoostRegressor(base_estimator=None, learning_rate=1.0, loss='linear',
         n_estimators=100, random_state=0)}"
621,"{'adab': AdaBoostRegressor(base_estimator=None, learning_rate=1.0, loss='linear',
         n_estimators=100, random_state=0)}"
622,"{'adab': AdaBoostRegressor(base_estimator=None, learning_rate=1.0, loss='linear',
         n_estimators=100, random_state=0)}"
623,"{'adab': AdaBoostRegressor(base_estimator=None, learning_rate=1.0, loss='linear',
         n_estimators=100, random_state=0)}"
624,"{'adab': AdaBoostRegressor(base_estimator=None, learning_rate=1.0, loss='linear',
         n_estimators=100, random_state=0)}"
625,"{'adab': AdaBoostRegressor(base_estimator=None, learning_rate=1.0, loss='linear',
         n_estimators=100, random_state=0)}"
626,"{'adab': AdaBoostRegressor(base_estimator=None, learning_rate=1.0, loss='linear',
         n_estimators=100, random_state=0)}"
627,"{'adab': AdaBoostRegressor(base_estimator=None, learning_rate=1.0, loss='linear',
         n_estimators=100, random_state=0)}"
628,"{'adab': AdaBoostRegressor(base_estimator=None, learning_rate=1.0, loss='linear',
         n_estimators=100, random_state=0)}"
629,"{'adab': AdaBoostRegressor(base_estimator=None, learning_rate=1.0, loss='linear',
         n_estimators=100, random_state=0)}"
630,"{'adab': AdaBoostRegressor(base_estimator=None, learning_rate=1.0, loss='linear',
         n_estimators=100, random_state=0)}"
631,"{'adab': AdaBoostRegressor(base_estimator=None, learning_rate=1.0, loss='linear',
         n_estimators=100, random_state=0)}"
632,"{'adab': AdaBoostRegressor(base_estimator=None, learning_rate=1.0, loss='linear',
         n_estimators=100, random_state=0)}"
633,"{'adab': AdaBoostRegressor(base_estimator=None, learning_rate=1.0, loss='linear',
         n_estimators=100, random_state=0)}"
634,"{'adab': AdaBoostRegressor(base_estimator=None, learning_rate=1.0, loss='linear',
         n_estimators=100, random_state=0)}"
635,"{'adab': AdaBoostRegressor(base_estimator=None, learning_rate=1.0, loss='linear',
         n_estimators=100, random_state=0)}"
636,"{'adab': AdaBoostRegressor(base_estimator=None, learning_rate=1.0, loss='linear',
         n_estimators=100, random_state=0)}"
637,"{'adab': AdaBoostRegressor(base_estimator=None, learning_rate=1.0, loss='linear',
         n_estimators=100, random_state=0)}"
638,"{'adab': AdaBoostRegressor(base_estimator=None, learning_rate=1.0, loss='linear',
         n_estimators=100, random_state=0)}"
639,"{'adab': AdaBoostRegressor(base_estimator=None, learning_rate=1.0, loss='linear',
         n_estimators=100, random_state=0)}"
640,"{'adab': AdaBoostRegressor(base_estimator=None, learning_rate=1.0, loss='linear',
         n_estimators=100, random_state=0)}"
641,"{'adab': AdaBoostRegressor(base_estimator=None, learning_rate=1.0, loss='linear',
         n_estimators=100, random_state=0)}"
642,"{'adab': AdaBoostRegressor(base_estimator=None, learning_rate=1.0, loss='linear',
         n_estimators=100, random_state=0)}"
643,"{'adab': AdaBoostRegressor(base_estimator=None, learning_rate=1.0, loss='linear',
         n_estimators=100, random_state=0)}"
644,"{'adab': AdaBoostRegressor(base_estimator=None, learning_rate=1.0, loss='linear',
         n_estimators=100, random_state=0)}"
645,"{'adab': AdaBoostRegressor(base_estimator=None, learning_rate=1.0, loss='linear',
         n_estimators=100, random_state=0)}"
646,"{'adab': AdaBoostRegressor(base_estimator=None, learning_rate=1.0, loss='linear',
         n_estimators=100, random_state=0)}"
647,"{'adab': AdaBoostRegressor(base_estimator=None, learning_rate=1.0, loss='linear',
         n_estimators=100, random_state=0)}"
648,"{'adab': AdaBoostRegressor(base_estimator=None, learning_rate=1.0, loss='linear',
         n_estimators=100, random_state=0)}"
649,"{'adab': AdaBoostRegressor(base_estimator=None, learning_rate=1.0, loss='linear',
         n_estimators=100, random_state=0)}"
650,"{'adab': AdaBoostRegressor(base_estimator=None, learning_rate=1.0, loss='linear',
         n_estimators=100, random_state=0)}"
651,"{'adab': AdaBoostRegressor(base_estimator=None, learning_rate=1.0, loss='linear',
         n_estimators=100, random_state=0)}"
652,"{'adab': AdaBoostRegressor(base_estimator=None, learning_rate=1.0, loss='linear',
         n_estimators=100, random_state=0)}"
653,"{'adab': AdaBoostRegressor(base_estimator=None, learning_rate=1.0, loss='linear',
         n_estimators=100, random_state=0)}"
654,"{'adab': AdaBoostRegressor(base_estimator=None, learning_rate=1.0, loss='linear',
         n_estimators=100, random_state=0)}"
655,"{'adab': AdaBoostRegressor(base_estimator=None, learning_rate=1.0, loss='linear',
         n_estimators=100, random_state=0)}"
656,"{'adab': AdaBoostRegressor(base_estimator=None, learning_rate=1.0, loss='linear',
         n_estimators=100, random_state=0)}"
657,"{'adab': AdaBoostRegressor(base_estimator=None, learning_rate=1.0, loss='linear',
         n_estimators=100, random_state=0)}"
658,"{'adab': AdaBoostRegressor(base_estimator=None, learning_rate=1.0, loss='linear',
         n_estimators=100, random_state=0)}"
659,"{'adab': AdaBoostRegressor(base_estimator=None, learning_rate=1.0, loss='linear',
         n_estimators=100, random_state=0)}"
660,"{'adab': AdaBoostRegressor(base_estimator=None, learning_rate=1.0, loss='linear',
         n_estimators=100, random_state=0)}"
661,"{'adab': AdaBoostRegressor(base_estimator=None, learning_rate=1.0, loss='linear',
         n_estimators=100, random_state=0)}"
662,"{'adab': AdaBoostRegressor(base_estimator=None, learning_rate=1.0, loss='linear',
         n_estimators=100, random_state=0)}"
663,"{'adab': AdaBoostRegressor(base_estimator=None, learning_rate=1.0, loss='linear',
         n_estimators=100, random_state=0)}"
664,"{'adab': AdaBoostRegressor(base_estimator=None, learning_rate=1.0, loss='linear',
         n_estimators=100, random_state=0)}"
665,"{'adab': AdaBoostRegressor(base_estimator=None, learning_rate=1.0, loss='linear',
         n_estimators=100, random_state=0)}"
666,"{'adab': AdaBoostRegressor(base_estimator=None, learning_rate=1.0, loss='linear',
         n_estimators=100, random_state=0)}"
667,"{'adab': AdaBoostRegressor(base_estimator=None, learning_rate=1.0, loss='linear',
         n_estimators=100, random_state=0)}"
668,"{'adab': AdaBoostRegressor(base_estimator=None, learning_rate=1.0, loss='linear',
         n_estimators=100, random_state=0)}"
669,"{'adab': AdaBoostRegressor(base_estimator=None, learning_rate=1.0, loss='linear',
         n_estimators=100, random_state=0)}"
670,"{'adab': AdaBoostRegressor(base_estimator=None, learning_rate=1.0, loss='linear',
         n_estimators=100, random_state=0)}"
671,"{'adab': AdaBoostRegressor(base_estimator=None, learning_rate=1.0, loss='linear',
         n_estimators=100, random_state=0)}"
672,"{'adab': AdaBoostRegressor(base_estimator=None, learning_rate=1.0, loss='linear',
         n_estimators=100, random_state=0)}"
673,"{'adab': AdaBoostRegressor(base_estimator=None, learning_rate=1.0, loss='linear',
         n_estimators=100, random_state=0)}"
674,"{'adab': AdaBoostRegressor(base_estimator=None, learning_rate=1.0, loss='linear',
         n_estimators=100, random_state=0)}"
675,"{'adab': AdaBoostRegressor(base_estimator=None, learning_rate=1.0, loss='linear',
         n_estimators=100, random_state=0)}"
676,"{'adab': AdaBoostRegressor(base_estimator=None, learning_rate=1.0, loss='linear',
         n_estimators=100, random_state=0)}"
677,"{'adab': AdaBoostRegressor(base_estimator=None, learning_rate=1.0, loss='linear',
         n_estimators=100, random_state=0)}"
678,"{'adab': AdaBoostRegressor(base_estimator=None, learning_rate=1.0, loss='linear',
         n_estimators=100, random_state=0)}"
679,"{'adab': AdaBoostRegressor(base_estimator=None, learning_rate=1.0, loss='linear',
         n_estimators=100, random_state=0)}"
680,"{'adab': AdaBoostRegressor(base_estimator=None, learning_rate=1.0, loss='linear',
         n_estimators=100, random_state=0)}"
681,"{'adab': AdaBoostRegressor(base_estimator=None, learning_rate=1.0, loss='linear',
         n_estimators=100, random_state=0)}"
682,"{'adab': AdaBoostRegressor(base_estimator=None, learning_rate=1.0, loss='linear',
         n_estimators=100, random_state=0)}"
683,"{'adab': AdaBoostRegressor(base_estimator=None, learning_rate=1.0, loss='linear',
         n_estimators=100, random_state=0)}"
684,"{'adab': AdaBoostRegressor(base_estimator=None, learning_rate=1.0, loss='linear',
         n_estimators=100, random_state=0)}"
685,"{'adab': AdaBoostRegressor(base_estimator=None, learning_rate=1.0, loss='linear',
         n_estimators=100, random_state=0)}"
686,"{'adab': AdaBoostRegressor(base_estimator=None, learning_rate=1.0, loss='linear',
         n_estimators=100, random_state=0)}"
687,"{'adab': AdaBoostRegressor(base_estimator=None, learning_rate=1.0, loss='linear',
         n_estimators=100, random_state=0)}"
688,"{'adab': AdaBoostRegressor(base_estimator=None, learning_rate=1.0, loss='linear',
         n_estimators=100, random_state=0)}"
689,"{'adab': AdaBoostRegressor(base_estimator=None, learning_rate=1.0, loss='linear',
         n_estimators=100, random_state=0)}"
690,"{'adab': AdaBoostRegressor(base_estimator=None, learning_rate=1.0, loss='linear',
         n_estimators=100, random_state=0)}"
691,"{'adab': AdaBoostRegressor(base_estimator=None, learning_rate=1.0, loss='linear',
         n_estimators=100, random_state=0)}"
692,"{'adab': AdaBoostRegressor(base_estimator=None, learning_rate=1.0, loss='linear',
         n_estimators=100, random_state=0)}"
693,"{'adab': AdaBoostRegressor(base_estimator=None, learning_rate=1.0, loss='linear',
         n_estimators=100, random_state=0)}"
694,"{'adab': AdaBoostRegressor(base_estimator=None, learning_rate=1.0, loss='linear',
         n_estimators=100, random_state=0)}"
695,"{'adab': AdaBoostRegressor(base_estimator=None, learning_rate=1.0, loss='linear',
         n_estimators=100, random_state=0)}"
696,"{'adab': AdaBoostRegressor(base_estimator=None, learning_rate=1.0, loss='linear',
         n_estimators=100, random_state=0)}"
697,"{'adab': AdaBoostRegressor(base_estimator=None, learning_rate=1.0, loss='linear',
         n_estimators=100, random_state=0)}"
698,"{'adab': AdaBoostRegressor(base_estimator=None, learning_rate=1.0, loss='linear',
         n_estimators=100, random_state=0)}"
699,"{'adab': AdaBoostRegressor(base_estimator=None, learning_rate=1.0, loss='linear',
         n_estimators=100, random_state=0)}"
700,"{'adab': AdaBoostRegressor(base_estimator=None, learning_rate=1.0, loss='linear',
         n_estimators=100, random_state=0)}"
701,"{'adab': AdaBoostRegressor(base_estimator=None, learning_rate=1.0, loss='linear',
         n_estimators=100, random_state=0)}"
702,"{'adab': AdaBoostRegressor(base_estimator=None, learning_rate=1.0, loss='linear',
         n_estimators=100, random_state=0)}"
703,"{'adab': AdaBoostRegressor(base_estimator=None, learning_rate=1.0, loss='linear',
         n_estimators=100, random_state=0)}"
704,"{'adab': AdaBoostRegressor(base_estimator=None, learning_rate=1.0, loss='linear',
         n_estimators=100, random_state=0)}"
705,"{'adab': AdaBoostRegressor(base_estimator=None, learning_rate=1.0, loss='linear',
         n_estimators=100, random_state=0)}"
706,"{'adab': AdaBoostRegressor(base_estimator=None, learning_rate=1.0, loss='linear',
         n_estimators=100, random_state=0)}"
707,"{'adab': AdaBoostRegressor(base_estimator=None, learning_rate=1.0, loss='linear',
         n_estimators=100, random_state=0)}"
708,"{'adab': AdaBoostRegressor(base_estimator=None, learning_rate=1.0, loss='linear',
         n_estimators=100, random_state=0)}"
709,"{'adab': AdaBoostRegressor(base_estimator=None, learning_rate=1.0, loss='linear',
         n_estimators=100, random_state=0)}"
710,"{'adab': AdaBoostRegressor(base_estimator=None, learning_rate=1.0, loss='linear',
         n_estimators=100, random_state=0)}"
711,"{'adab': AdaBoostRegressor(base_estimator=None, learning_rate=1.0, loss='linear',
         n_estimators=100, random_state=0)}"
712,"{'adab': AdaBoostRegressor(base_estimator=None, learning_rate=1.0, loss='linear',
         n_estimators=100, random_state=0)}"
713,"{'adab': AdaBoostRegressor(base_estimator=None, learning_rate=1.0, loss='linear',
         n_estimators=100, random_state=0)}"
714,"{'adab': AdaBoostRegressor(base_estimator=None, learning_rate=1.0, loss='linear',
         n_estimators=100, random_state=0)}"
715,"{'adab': AdaBoostRegressor(base_estimator=None, learning_rate=1.0, loss='linear',
         n_estimators=100, random_state=0)}"
716,"{'adab': AdaBoostRegressor(base_estimator=None, learning_rate=1.0, loss='linear',
         n_estimators=100, random_state=0)}"
717,"{'adab': AdaBoostRegressor(base_estimator=None, learning_rate=1.0, loss='linear',
         n_estimators=100, random_state=0)}"
718,"{'adab': AdaBoostRegressor(base_estimator=None, learning_rate=1.0, loss='linear',
         n_estimators=100, random_state=0)}"
719,"{'adab': AdaBoostRegressor(base_estimator=None, learning_rate=1.0, loss='linear',
         n_estimators=100, random_state=0)}"
720,"{'adab': AdaBoostRegressor(base_estimator=None, learning_rate=1.0, loss='linear',
         n_estimators=100, random_state=0)}"
721,"{'adab': AdaBoostRegressor(base_estimator=None, learning_rate=1.0, loss='linear',
         n_estimators=100, random_state=0)}"
722,"{'adab': AdaBoostRegressor(base_estimator=None, learning_rate=1.0, loss='linear',
         n_estimators=100, random_state=0)}"
723,"{'adab': AdaBoostRegressor(base_estimator=None, learning_rate=1.0, loss='linear',
         n_estimators=100, random_state=0)}"
724,"{'adab': AdaBoostRegressor(base_estimator=None, learning_rate=1.0, loss='linear',
         n_estimators=100, random_state=0)}"
725,"{'adab': AdaBoostRegressor(base_estimator=None, learning_rate=1.0, loss='linear',
         n_estimators=100, random_state=0)}"
726,"{'adab': AdaBoostRegressor(base_estimator=None, learning_rate=1.0, loss='linear',
         n_estimators=100, random_state=0)}"
727,"{'adab': AdaBoostRegressor(base_estimator=None, learning_rate=1.0, loss='linear',
         n_estimators=100, random_state=0)}"
728,"{'adab': AdaBoostRegressor(base_estimator=None, learning_rate=1.0, loss='linear',
         n_estimators=100, random_state=0)}"
729,"{'adab': AdaBoostRegressor(base_estimator=None, learning_rate=1.0, loss='linear',
         n_estimators=100, random_state=0)}"
730,"{'adab': AdaBoostRegressor(base_estimator=None, learning_rate=1.0, loss='linear',
         n_estimators=100, random_state=0)}"
731,"{'adab': AdaBoostRegressor(base_estimator=None, learning_rate=1.0, loss='linear',
         n_estimators=100, random_state=0)}"
732,"{'adab': AdaBoostRegressor(base_estimator=None, learning_rate=1.0, loss='linear',
         n_estimators=100, random_state=0)}"
733,"{'adab': AdaBoostRegressor(base_estimator=None, learning_rate=1.0, loss='linear',
         n_estimators=100, random_state=0)}"
734,"{'adab': AdaBoostRegressor(base_estimator=None, learning_rate=1.0, loss='linear',
         n_estimators=100, random_state=0)}"
735,"{'adab': AdaBoostRegressor(base_estimator=None, learning_rate=1.0, loss='linear',
         n_estimators=100, random_state=0)}"
736,"{'adab': AdaBoostRegressor(base_estimator=None, learning_rate=1.0, loss='linear',
         n_estimators=100, random_state=0)}"
737,"{'adab': AdaBoostRegressor(base_estimator=None, learning_rate=1.0, loss='linear',
         n_estimators=100, random_state=0)}"
738,"{'adab': AdaBoostRegressor(base_estimator=None, learning_rate=1.0, loss='linear',
         n_estimators=100, random_state=0)}"
739,"{'adab': AdaBoostRegressor(base_estimator=None, learning_rate=1.0, loss='linear',
         n_estimators=100, random_state=0)}"
740,"{'adab': AdaBoostRegressor(base_estimator=None, learning_rate=1.0, loss='linear',
         n_estimators=100, random_state=0)}"
741,"{'adab': AdaBoostRegressor(base_estimator=None, learning_rate=1.0, loss='linear',
         n_estimators=100, random_state=0)}"
742,"{'adab': AdaBoostRegressor(base_estimator=None, learning_rate=1.0, loss='linear',
         n_estimators=100, random_state=0)}"
743,"{'adab': AdaBoostRegressor(base_estimator=None, learning_rate=1.0, loss='linear',
         n_estimators=100, random_state=0)}"
744,"{'adab': AdaBoostRegressor(base_estimator=None, learning_rate=1.0, loss='linear',
         n_estimators=100, random_state=0)}"
745,"{'adab': AdaBoostRegressor(base_estimator=None, learning_rate=1.0, loss='linear',
         n_estimators=100, random_state=0)}"
746,"{'adab': AdaBoostRegressor(base_estimator=None, learning_rate=1.0, loss='linear',
         n_estimators=100, random_state=0)}"
747,"{'adab': AdaBoostRegressor(base_estimator=None, learning_rate=1.0, loss='linear',
         n_estimators=100, random_state=0)}"
748,"{'adab': AdaBoostRegressor(base_estimator=None, learning_rate=1.0, loss='linear',
         n_estimators=100, random_state=0)}"
749,"{'adab': AdaBoostRegressor(base_estimator=None, learning_rate=1.0, loss='linear',
         n_estimators=100, random_state=0)}"
750,"{'adab': AdaBoostRegressor(base_estimator=None, learning_rate=1.0, loss='linear',
         n_estimators=100, random_state=0)}"
751,"{'adab': AdaBoostRegressor(base_estimator=None, learning_rate=1.0, loss='linear',
         n_estimators=100, random_state=0)}"
752,"{'adab': AdaBoostRegressor(base_estimator=None, learning_rate=1.0, loss='linear',
         n_estimators=100, random_state=0)}"
753,"{'adab': AdaBoostRegressor(base_estimator=None, learning_rate=1.0, loss='linear',
         n_estimators=100, random_state=0)}"
754,"{'adab': AdaBoostRegressor(base_estimator=None, learning_rate=1.0, loss='linear',
         n_estimators=100, random_state=0)}"
755,"{'adab': AdaBoostRegressor(base_estimator=None, learning_rate=1.0, loss='linear',
         n_estimators=100, random_state=0)}"
756,"{'adab': AdaBoostRegressor(base_estimator=None, learning_rate=1.0, loss='linear',
         n_estimators=100, random_state=0)}"
757,"{'adab': AdaBoostRegressor(base_estimator=None, learning_rate=1.0, loss='linear',
         n_estimators=100, random_state=0)}"
758,"{'adab': AdaBoostRegressor(base_estimator=None, learning_rate=1.0, loss='linear',
         n_estimators=100, random_state=0)}"
759,"{'adab': AdaBoostRegressor(base_estimator=None, learning_rate=1.0, loss='linear',
         n_estimators=100, random_state=0)}"
760,"{'adab': AdaBoostRegressor(base_estimator=None, learning_rate=1.0, loss='linear',
         n_estimators=100, random_state=0)}"
761,"{'adab': AdaBoostRegressor(base_estimator=None, learning_rate=1.0, loss='linear',
         n_estimators=100, random_state=0)}"
762,"{'adab': AdaBoostRegressor(base_estimator=None, learning_rate=1.0, loss='linear',
         n_estimators=100, random_state=0)}"
763,"{'adab': AdaBoostRegressor(base_estimator=None, learning_rate=1.0, loss='linear',
         n_estimators=100, random_state=0)}"
764,"{'adab': AdaBoostRegressor(base_estimator=None, learning_rate=1.0, loss='linear',
         n_estimators=100, random_state=0)}"
765,"{'adab': AdaBoostRegressor(base_estimator=None, learning_rate=1.0, loss='linear',
         n_estimators=100, random_state=0)}"
766,"{'adab': AdaBoostRegressor(base_estimator=None, learning_rate=1.0, loss='linear',
         n_estimators=100, random_state=0)}"
767,"{'adab': AdaBoostRegressor(base_estimator=None, learning_rate=1.0, loss='linear',
         n_estimators=100, random_state=0)}"
768,"{'adab': AdaBoostRegressor(base_estimator=None, learning_rate=1.0, loss='linear',
         n_estimators=100, random_state=0)}"
769,"{'adab': AdaBoostRegressor(base_estimator=None, learning_rate=1.0, loss='linear',
         n_estimators=100, random_state=0)}"
770,"{'adab': AdaBoostRegressor(base_estimator=None, learning_rate=1.0, loss='linear',
         n_estimators=100, random_state=0)}"
771,"{'adab': AdaBoostRegressor(base_estimator=None, learning_rate=1.0, loss='linear',
         n_estimators=100, random_state=0)}"
772,"{'adab': AdaBoostRegressor(base_estimator=None, learning_rate=1.0, loss='linear',
         n_estimators=100, random_state=0)}"
773,"{'adab': AdaBoostRegressor(base_estimator=None, learning_rate=1.0, loss='linear',
         n_estimators=100, random_state=0)}"
774,"{'adab': AdaBoostRegressor(base_estimator=None, learning_rate=1.0, loss='linear',
         n_estimators=100, random_state=0)}"
775,"{'adab': AdaBoostRegressor(base_estimator=None, learning_rate=1.0, loss='linear',
         n_estimators=100, random_state=0)}"
776,"{'adab': AdaBoostRegressor(base_estimator=None, learning_rate=1.0, loss='linear',
         n_estimators=100, random_state=0)}"
777,"{'adab': AdaBoostRegressor(base_estimator=None, learning_rate=1.0, loss='linear',
         n_estimators=100, random_state=0)}"
778,"{'adab': AdaBoostRegressor(base_estimator=None, learning_rate=1.0, loss='linear',
         n_estimators=100, random_state=0)}"
779,"{'adab': AdaBoostRegressor(base_estimator=None, learning_rate=1.0, loss='linear',
         n_estimators=100, random_state=0)}"
780,"{'adab': AdaBoostRegressor(base_estimator=None, learning_rate=1.0, loss='linear',
         n_estimators=100, random_state=0)}"
781,"{'adab': AdaBoostRegressor(base_estimator=None, learning_rate=1.0, loss='linear',
         n_estimators=100, random_state=0)}"
782,"{'adab': AdaBoostRegressor(base_estimator=None, learning_rate=1.0, loss='linear',
         n_estimators=100, random_state=0)}"
783,"{'adab': AdaBoostRegressor(base_estimator=None, learning_rate=1.0, loss='linear',
         n_estimators=100, random_state=0)}"
784,"{'adab': AdaBoostRegressor(base_estimator=None, learning_rate=1.0, loss='linear',
         n_estimators=100, random_state=0)}"
785,"{'adab': AdaBoostRegressor(base_estimator=None, learning_rate=1.0, loss='linear',
         n_estimators=100, random_state=0)}"
786,"{'adab': AdaBoostRegressor(base_estimator=None, learning_rate=1.0, loss='linear',
         n_estimators=100, random_state=0)}"
787,"{'adab': AdaBoostRegressor(base_estimator=None, learning_rate=1.0, loss='linear',
         n_estimators=100, random_state=0)}"
788,"{'adab': AdaBoostRegressor(base_estimator=None, learning_rate=1.0, loss='linear',
         n_estimators=100, random_state=0)}"
789,"{'adab': AdaBoostRegressor(base_estimator=None, learning_rate=1.0, loss='linear',
         n_estimators=100, random_state=0)}"
790,"{'adab': AdaBoostRegressor(base_estimator=None, learning_rate=1.0, loss='linear',
         n_estimators=100, random_state=0)}"
791,"{'adab': AdaBoostRegressor(base_estimator=None, learning_rate=1.0, loss='linear',
         n_estimators=100, random_state=0)}"
792,"{'adab': AdaBoostRegressor(base_estimator=None, learning_rate=1.0, loss='linear',
         n_estimators=100, random_state=0)}"
793,"{'adab': AdaBoostRegressor(base_estimator=None, learning_rate=1.0, loss='linear',
         n_estimators=100, random_state=0)}"
794,"{'adab': AdaBoostRegressor(base_estimator=None, learning_rate=1.0, loss='linear',
         n_estimators=100, random_state=0)}"
795,"{'adab': AdaBoostRegressor(base_estimator=None, learning_rate=1.0, loss='linear',
         n_estimators=100, random_state=0)}"
796,"{'adab': AdaBoostRegressor(base_estimator=None, learning_rate=1.0, loss='linear',
         n_estimators=100, random_state=0)}"
797,"{'adab': AdaBoostRegressor(base_estimator=None, learning_rate=1.0, loss='linear',
         n_estimators=100, random_state=0)}"
798,"{'adab': AdaBoostRegressor(base_estimator=None, learning_rate=1.0, loss='linear',
         n_estimators=100, random_state=0)}"
799,"{'adab': AdaBoostRegressor(base_estimator=None, learning_rate=1.0, loss='linear',
         n_estimators=100, random_state=0)}"
800,"{'adab': AdaBoostRegressor(base_estimator=None, learning_rate=1.0, loss='linear',
         n_estimators=100, random_state=0)}"
801,"{'adab': AdaBoostRegressor(base_estimator=None, learning_rate=1.0, loss='linear',
         n_estimators=100, random_state=0)}"
802,"{'adab': AdaBoostRegressor(base_estimator=None, learning_rate=1.0, loss='linear',
         n_estimators=100, random_state=0)}"
803,"{'adab': AdaBoostRegressor(base_estimator=None, learning_rate=1.0, loss='linear',
         n_estimators=100, random_state=0)}"
804,"{'adab': AdaBoostRegressor(base_estimator=None, learning_rate=1.0, loss='linear',
         n_estimators=100, random_state=0)}"
805,"{'adab': AdaBoostRegressor(base_estimator=None, learning_rate=1.0, loss='linear',
         n_estimators=100, random_state=0)}"
806,"{'adab': AdaBoostRegressor(base_estimator=None, learning_rate=1.0, loss='linear',
         n_estimators=100, random_state=0)}"
807,"{'adab': AdaBoostRegressor(base_estimator=None, learning_rate=1.0, loss='linear',
         n_estimators=100, random_state=0)}"
808,"{'adab': AdaBoostRegressor(base_estimator=None, learning_rate=1.0, loss='linear',
         n_estimators=100, random_state=0)}"
809,"{'adab': AdaBoostRegressor(base_estimator=None, learning_rate=1.0, loss='linear',
         n_estimators=100, random_state=0)}"
810,"{'adab': AdaBoostRegressor(base_estimator=None, learning_rate=1.0, loss='linear',
         n_estimators=100, random_state=0)}"
811,"{'adab': AdaBoostRegressor(base_estimator=None, learning_rate=1.0, loss='linear',
         n_estimators=100, random_state=0)}"
812,"{'adab': AdaBoostRegressor(base_estimator=None, learning_rate=1.0, loss='linear',
         n_estimators=100, random_state=0)}"
813,"{'adab': AdaBoostRegressor(base_estimator=None, learning_rate=1.0, loss='linear',
         n_estimators=100, random_state=0)}"
814,"{'adab': AdaBoostRegressor(base_estimator=None, learning_rate=1.0, loss='linear',
         n_estimators=100, random_state=0)}"
815,"{'adab': AdaBoostRegressor(base_estimator=None, learning_rate=1.0, loss='linear',
         n_estimators=100, random_state=0)}"
816,"{'adab': AdaBoostRegressor(base_estimator=None, learning_rate=1.0, loss='linear',
         n_estimators=100, random_state=0)}"
817,"{'adab': AdaBoostRegressor(base_estimator=None, learning_rate=1.0, loss='linear',
         n_estimators=100, random_state=0)}"
818,"{'adab': AdaBoostRegressor(base_estimator=None, learning_rate=1.0, loss='linear',
         n_estimators=100, random_state=0)}"
819,"{'adab': AdaBoostRegressor(base_estimator=None, learning_rate=1.0, loss='linear',
         n_estimators=100, random_state=0)}"
820,"{'adab': AdaBoostRegressor(base_estimator=None, learning_rate=1.0, loss='linear',
         n_estimators=100, random_state=0)}"
821,"{'adab': AdaBoostRegressor(base_estimator=None, learning_rate=1.0, loss='linear',
         n_estimators=100, random_state=0)}"
822,"{'adab': AdaBoostRegressor(base_estimator=None, learning_rate=1.0, loss='linear',
         n_estimators=100, random_state=0)}"
823,"{'adab': AdaBoostRegressor(base_estimator=None, learning_rate=1.0, loss='linear',
         n_estimators=100, random_state=0)}"
824,"{'adab': AdaBoostRegressor(base_estimator=None, learning_rate=1.0, loss='linear',
         n_estimators=100, random_state=0)}"
825,"{'adab': AdaBoostRegressor(base_estimator=None, learning_rate=1.0, loss='linear',
         n_estimators=100, random_state=0)}"
826,"{'adab': AdaBoostRegressor(base_estimator=None, learning_rate=1.0, loss='linear',
         n_estimators=100, random_state=0)}"
827,"{'adab': AdaBoostRegressor(base_estimator=None, learning_rate=1.0, loss='linear',
         n_estimators=100, random_state=0)}"
828,"{'adab': AdaBoostRegressor(base_estimator=None, learning_rate=1.0, loss='linear',
         n_estimators=100, random_state=0)}"
829,"{'adab': AdaBoostRegressor(base_estimator=None, learning_rate=1.0, loss='linear',
         n_estimators=100, random_state=0)}"
830,"{'adab': AdaBoostRegressor(base_estimator=None, learning_rate=1.0, loss='linear',
         n_estimators=100, random_state=0)}"
831,"{'adab': AdaBoostRegressor(base_estimator=None, learning_rate=1.0, loss='linear',
         n_estimators=100, random_state=0)}"
832,"{'adab': AdaBoostRegressor(base_estimator=None, learning_rate=1.0, loss='linear',
         n_estimators=100, random_state=0)}"
833,"{'adab': AdaBoostRegressor(base_estimator=None, learning_rate=1.0, loss='linear',
         n_estimators=100, random_state=0)}"
834,"{'adab': AdaBoostRegressor(base_estimator=None, learning_rate=1.0, loss='linear',
         n_estimators=100, random_state=0)}"
835,"{'adab': AdaBoostRegressor(base_estimator=None, learning_rate=1.0, loss='linear',
         n_estimators=100, random_state=0)}"
836,"{'adab': AdaBoostRegressor(base_estimator=None, learning_rate=1.0, loss='linear',
         n_estimators=100, random_state=0)}"
837,"{'adab': AdaBoostRegressor(base_estimator=None, learning_rate=1.0, loss='linear',
         n_estimators=100, random_state=0)}"
838,"{'adab': AdaBoostRegressor(base_estimator=None, learning_rate=1.0, loss='linear',
         n_estimators=100, random_state=0)}"
839,"{'adab': AdaBoostRegressor(base_estimator=None, learning_rate=1.0, loss='linear',
         n_estimators=100, random_state=0)}"
840,"{'adab': AdaBoostRegressor(base_estimator=None, learning_rate=1.0, loss='linear',
         n_estimators=100, random_state=0)}"
841,"{'adab': AdaBoostRegressor(base_estimator=None, learning_rate=1.0, loss='linear',
         n_estimators=100, random_state=0)}"
842,"{'adab': AdaBoostRegressor(base_estimator=None, learning_rate=1.0, loss='linear',
         n_estimators=100, random_state=0)}"
843,"{'adab': AdaBoostRegressor(base_estimator=None, learning_rate=1.0, loss='linear',
         n_estimators=100, random_state=0)}"
844,"{'adab': AdaBoostRegressor(base_estimator=None, learning_rate=1.0, loss='linear',
         n_estimators=100, random_state=0)}"
845,"{'adab': AdaBoostRegressor(base_estimator=None, learning_rate=1.0, loss='linear',
         n_estimators=100, random_state=0)}"
846,"{'adab': AdaBoostRegressor(base_estimator=None, learning_rate=1.0, loss='linear',
         n_estimators=100, random_state=0)}"
847,"{'adab': AdaBoostRegressor(base_estimator=None, learning_rate=1.0, loss='linear',
         n_estimators=100, random_state=0)}"
848,"{'adab': AdaBoostRegressor(base_estimator=None, learning_rate=1.0, loss='linear',
         n_estimators=100, random_state=0)}"
849,"{'adab': AdaBoostRegressor(base_estimator=None, learning_rate=1.0, loss='linear',
         n_estimators=100, random_state=0)}"
850,"{'adab': AdaBoostRegressor(base_estimator=None, learning_rate=1.0, loss='linear',
         n_estimators=100, random_state=0)}"
851,"{'adab': AdaBoostRegressor(base_estimator=None, learning_rate=1.0, loss='linear',
         n_estimators=100, random_state=0)}"
852,"{'adab': AdaBoostRegressor(base_estimator=None, learning_rate=1.0, loss='linear',
         n_estimators=100, random_state=0)}"
853,"{'adab': AdaBoostRegressor(base_estimator=None, learning_rate=1.0, loss='linear',
         n_estimators=100, random_state=0)}"
854,"{'adab': AdaBoostRegressor(base_estimator=None, learning_rate=1.0, loss='linear',
         n_estimators=100, random_state=0)}"
855,"{'adab': AdaBoostRegressor(base_estimator=None, learning_rate=1.0, loss='linear',
         n_estimators=100, random_state=0)}"
856,"{'adab': AdaBoostRegressor(base_estimator=None, learning_rate=1.0, loss='linear',
         n_estimators=100, random_state=0)}"
857,"{'adab': AdaBoostRegressor(base_estimator=None, learning_rate=1.0, loss='linear',
         n_estimators=100, random_state=0)}"
858,"{'adab': AdaBoostRegressor(base_estimator=None, learning_rate=1.0, loss='linear',
         n_estimators=100, random_state=0)}"
859,"{'adab': AdaBoostRegressor(base_estimator=None, learning_rate=1.0, loss='linear',
         n_estimators=100, random_state=0)}"
860,"{'adab': AdaBoostRegressor(base_estimator=None, learning_rate=1.0, loss='linear',
         n_estimators=100, random_state=0)}"
861,"{'adab': AdaBoostRegressor(base_estimator=None, learning_rate=1.0, loss='linear',
         n_estimators=100, random_state=0)}"
862,"{'adab': AdaBoostRegressor(base_estimator=None, learning_rate=1.0, loss='linear',
         n_estimators=100, random_state=0)}"
863,"{'adab': AdaBoostRegressor(base_estimator=None, learning_rate=1.0, loss='linear',
         n_estimators=100, random_state=0)}"
864,"{'adab': AdaBoostRegressor(base_estimator=None, learning_rate=1.0, loss='linear',
         n_estimators=100, random_state=0)}"
865,"{'adab': AdaBoostRegressor(base_estimator=None, learning_rate=1.0, loss='linear',
         n_estimators=100, random_state=0)}"
866,"{'adab': AdaBoostRegressor(base_estimator=None, learning_rate=1.0, loss='linear',
         n_estimators=100, random_state=0)}"
867,"{'adab': AdaBoostRegressor(base_estimator=None, learning_rate=1.0, loss='linear',
         n_estimators=100, random_state=0)}"
868,"{'adab': AdaBoostRegressor(base_estimator=None, learning_rate=1.0, loss='linear',
         n_estimators=100, random_state=0)}"
869,"{'adab': AdaBoostRegressor(base_estimator=None, learning_rate=1.0, loss='linear',
         n_estimators=100, random_state=0)}"
870,"{'adab': AdaBoostRegressor(base_estimator=None, learning_rate=1.0, loss='linear',
         n_estimators=100, random_state=0)}"
871,"{'adab': AdaBoostRegressor(base_estimator=None, learning_rate=1.0, loss='linear',
         n_estimators=100, random_state=0)}"
872,"{'adab': AdaBoostRegressor(base_estimator=None, learning_rate=1.0, loss='linear',
         n_estimators=100, random_state=0)}"
873,"{'adab': AdaBoostRegressor(base_estimator=None, learning_rate=1.0, loss='linear',
         n_estimators=100, random_state=0)}"
874,"{'adab': AdaBoostRegressor(base_estimator=None, learning_rate=1.0, loss='linear',
         n_estimators=100, random_state=0)}"
875,"{'adab': AdaBoostRegressor(base_estimator=None, learning_rate=1.0, loss='linear',
         n_estimators=100, random_state=0)}"
876,"{'adab': AdaBoostRegressor(base_estimator=None, learning_rate=1.0, loss='linear',
         n_estimators=100, random_state=0)}"
877,"{'adab': AdaBoostRegressor(base_estimator=None, learning_rate=1.0, loss='linear',
         n_estimators=100, random_state=0)}"
878,"{'adab': AdaBoostRegressor(base_estimator=None, learning_rate=1.0, loss='linear',
         n_estimators=100, random_state=0)}"
879,"{'adab': AdaBoostRegressor(base_estimator=None, learning_rate=1.0, loss='linear',
         n_estimators=100, random_state=0)}"
880,"{'adab': AdaBoostRegressor(base_estimator=None, learning_rate=1.0, loss='linear',
         n_estimators=100, random_state=0)}"
881,"{'adab': AdaBoostRegressor(base_estimator=None, learning_rate=1.0, loss='linear',
         n_estimators=100, random_state=0)}"
882,"{'adab': AdaBoostRegressor(base_estimator=None, learning_rate=1.0, loss='linear',
         n_estimators=100, random_state=0)}"
883,"{'adab': AdaBoostRegressor(base_estimator=None, learning_rate=1.0, loss='linear',
         n_estimators=100, random_state=0)}"
884,"{'adab': AdaBoostRegressor(base_estimator=None, learning_rate=1.0, loss='linear',
         n_estimators=100, random_state=0)}"
885,"{'adab': AdaBoostRegressor(base_estimator=None, learning_rate=1.0, loss='linear',
         n_estimators=100, random_state=0)}"
886,"{'adab': AdaBoostRegressor(base_estimator=None, learning_rate=1.0, loss='linear',
         n_estimators=100, random_state=0)}"
887,"{'adab': AdaBoostRegressor(base_estimator=None, learning_rate=1.0, loss='linear',
         n_estimators=100, random_state=0)}"
888,"{'adab': AdaBoostRegressor(base_estimator=None, learning_rate=1.0, loss='linear',
         n_estimators=100, random_state=0)}"
889,"{'adab': AdaBoostRegressor(base_estimator=None, learning_rate=1.0, loss='linear',
         n_estimators=100, random_state=0)}"
890,"{'adab': AdaBoostRegressor(base_estimator=None, learning_rate=1.0, loss='linear',
         n_estimators=100, random_state=0)}"
891,"{'adab': AdaBoostRegressor(base_estimator=None, learning_rate=1.0, loss='linear',
         n_estimators=100, random_state=0)}"
892,"{'adab': AdaBoostRegressor(base_estimator=None, learning_rate=1.0, loss='linear',
         n_estimators=100, random_state=0)}"
893,"{'adab': AdaBoostRegressor(base_estimator=None, learning_rate=1.0, loss='linear',
         n_estimators=100, random_state=0)}"
894,"{'adab': AdaBoostRegressor(base_estimator=None, learning_rate=1.0, loss='linear',
         n_estimators=100, random_state=0)}"
895,"{'adab': AdaBoostRegressor(base_estimator=None, learning_rate=1.0, loss='linear',
         n_estimators=100, random_state=0)}"
896,"{'adab': AdaBoostRegressor(base_estimator=None, learning_rate=1.0, loss='linear',
         n_estimators=100, random_state=0)}"
897,"{'adab': AdaBoostRegressor(base_estimator=None, learning_rate=1.0, loss='linear',
         n_estimators=100, random_state=0)}"
898,"{'adab': AdaBoostRegressor(base_estimator=None, learning_rate=1.0, loss='linear',
         n_estimators=100, random_state=0)}"
899,"{'adab': AdaBoostRegressor(base_estimator=None, learning_rate=1.0, loss='linear',
         n_estimators=100, random_state=0)}"
900,"{'adab': AdaBoostRegressor(base_estimator=None, learning_rate=1.0, loss='linear',
         n_estimators=100, random_state=0)}"
901,"{'adab': AdaBoostRegressor(base_estimator=None, learning_rate=1.0, loss='linear',
         n_estimators=100, random_state=0)}"
902,"{'adab': AdaBoostRegressor(base_estimator=None, learning_rate=1.0, loss='linear',
         n_estimators=100, random_state=0)}"
903,"{'adab': AdaBoostRegressor(base_estimator=None, learning_rate=1.0, loss='linear',
         n_estimators=100, random_state=0)}"
904,"{'adab': AdaBoostRegressor(base_estimator=None, learning_rate=1.0, loss='linear',
         n_estimators=100, random_state=0)}"
905,"{'adab': AdaBoostRegressor(base_estimator=None, learning_rate=1.0, loss='linear',
         n_estimators=100, random_state=0)}"
906,"{'adab': AdaBoostRegressor(base_estimator=None, learning_rate=1.0, loss='linear',
         n_estimators=100, random_state=0)}"
907,"{'adab': AdaBoostRegressor(base_estimator=None, learning_rate=1.0, loss='linear',
         n_estimators=100, random_state=0)}"
908,"{'adab': AdaBoostRegressor(base_estimator=None, learning_rate=1.0, loss='linear',
         n_estimators=100, random_state=0)}"
909,"{'adab': AdaBoostRegressor(base_estimator=None, learning_rate=1.0, loss='linear',
         n_estimators=100, random_state=0)}"
910,"{'adab': AdaBoostRegressor(base_estimator=None, learning_rate=1.0, loss='linear',
         n_estimators=100, random_state=0)}"
911,"{'adab': AdaBoostRegressor(base_estimator=None, learning_rate=1.0, loss='linear',
         n_estimators=100, random_state=0)}"
912,"{'adab': AdaBoostRegressor(base_estimator=None, learning_rate=1.0, loss='linear',
         n_estimators=100, random_state=0)}"
913,"{'adab': AdaBoostRegressor(base_estimator=None, learning_rate=1.0, loss='linear',
         n_estimators=100, random_state=0)}"
914,"{'adab': AdaBoostRegressor(base_estimator=None, learning_rate=1.0, loss='linear',
         n_estimators=100, random_state=0)}"
915,"{'adab': AdaBoostRegressor(base_estimator=None, learning_rate=1.0, loss='linear',
         n_estimators=100, random_state=0)}"
916,"{'adab': AdaBoostRegressor(base_estimator=None, learning_rate=1.0, loss='linear',
         n_estimators=100, random_state=0)}"
917,"{'adab': AdaBoostRegressor(base_estimator=None, learning_rate=1.0, loss='linear',
         n_estimators=100, random_state=0)}"
918,"{'adab': AdaBoostRegressor(base_estimator=None, learning_rate=1.0, loss='linear',
         n_estimators=100, random_state=0)}"
919,"{'adab': AdaBoostRegressor(base_estimator=None, learning_rate=1.0, loss='linear',
         n_estimators=100, random_state=0)}"
920,"{'adab': AdaBoostRegressor(base_estimator=None, learning_rate=1.0, loss='linear',
         n_estimators=100, random_state=0)}"
921,"{'adab': AdaBoostRegressor(base_estimator=None, learning_rate=1.0, loss='linear',
         n_estimators=100, random_state=0)}"
922,"{'adab': AdaBoostRegressor(base_estimator=None, learning_rate=1.0, loss='linear',
         n_estimators=100, random_state=0)}"
923,"{'adab': AdaBoostRegressor(base_estimator=None, learning_rate=1.0, loss='linear',
         n_estimators=100, random_state=0)}"
924,"{'adab': AdaBoostRegressor(base_estimator=None, learning_rate=1.0, loss='linear',
         n_estimators=100, random_state=0)}"
925,"{'adab': AdaBoostRegressor(base_estimator=None, learning_rate=1.0, loss='linear',
         n_estimators=100, random_state=0)}"
926,"{'adab': AdaBoostRegressor(base_estimator=None, learning_rate=1.0, loss='linear',
         n_estimators=100, random_state=0)}"
927,"{'adab': AdaBoostRegressor(base_estimator=None, learning_rate=1.0, loss='linear',
         n_estimators=100, random_state=0)}"
928,"{'adab': AdaBoostRegressor(base_estimator=None, learning_rate=1.0, loss='linear',
         n_estimators=100, random_state=0)}"
929,"{'adab': AdaBoostRegressor(base_estimator=None, learning_rate=1.0, loss='linear',
         n_estimators=100, random_state=0)}"
930,"{'adab': AdaBoostRegressor(base_estimator=None, learning_rate=1.0, loss='linear',
         n_estimators=100, random_state=0)}"
931,"{'adab': AdaBoostRegressor(base_estimator=None, learning_rate=1.0, loss='linear',
         n_estimators=100, random_state=0)}"
932,"{'adab': AdaBoostRegressor(base_estimator=None, learning_rate=1.0, loss='linear',
         n_estimators=100, random_state=0)}"
933,"{'adab': AdaBoostRegressor(base_estimator=None, learning_rate=1.0, loss='linear',
         n_estimators=100, random_state=0)}"
934,"{'adab': AdaBoostRegressor(base_estimator=None, learning_rate=1.0, loss='linear',
         n_estimators=100, random_state=0)}"
935,"{'adab': AdaBoostRegressor(base_estimator=None, learning_rate=1.0, loss='linear',
         n_estimators=100, random_state=0)}"
936,"{'adab': AdaBoostRegressor(base_estimator=None, learning_rate=1.0, loss='linear',
         n_estimators=100, random_state=0)}"
937,"{'adab': AdaBoostRegressor(base_estimator=None, learning_rate=1.0, loss='linear',
         n_estimators=100, random_state=0)}"
938,"{'adab': AdaBoostRegressor(base_estimator=None, learning_rate=1.0, loss='linear',
         n_estimators=100, random_state=0)}"
939,"{'adab': AdaBoostRegressor(base_estimator=None, learning_rate=1.0, loss='linear',
         n_estimators=100, random_state=0)}"
940,"{'adab': AdaBoostRegressor(base_estimator=None, learning_rate=1.0, loss='linear',
         n_estimators=100, random_state=0)}"
941,"{'adab': AdaBoostRegressor(base_estimator=None, learning_rate=1.0, loss='linear',
         n_estimators=100, random_state=0)}"
942,"{'adab': AdaBoostRegressor(base_estimator=None, learning_rate=1.0, loss='linear',
         n_estimators=100, random_state=0)}"
943,"{'adab': AdaBoostRegressor(base_estimator=None, learning_rate=1.0, loss='linear',
         n_estimators=100, random_state=0)}"
944,"{'adab': AdaBoostRegressor(base_estimator=None, learning_rate=1.0, loss='linear',
         n_estimators=100, random_state=0)}"
945,"{'adab': AdaBoostRegressor(base_estimator=None, learning_rate=1.0, loss='linear',
         n_estimators=100, random_state=0)}"
946,"{'adab': AdaBoostRegressor(base_estimator=None, learning_rate=1.0, loss='linear',
         n_estimators=100, random_state=0)}"
947,"{'adab': AdaBoostRegressor(base_estimator=None, learning_rate=1.0, loss='linear',
         n_estimators=100, random_state=0)}"
948,"{'adab': AdaBoostRegressor(base_estimator=None, learning_rate=1.0, loss='linear',
         n_estimators=100, random_state=0)}"
949,"{'adab': AdaBoostRegressor(base_estimator=None, learning_rate=1.0, loss='linear',
         n_estimators=100, random_state=0)}"
950,"{'adab': AdaBoostRegressor(base_estimator=None, learning_rate=1.0, loss='linear',
         n_estimators=100, random_state=0)}"
951,"{'adab': AdaBoostRegressor(base_estimator=None, learning_rate=1.0, loss='linear',
         n_estimators=100, random_state=0)}"
952,"{'adab': AdaBoostRegressor(base_estimator=None, learning_rate=1.0, loss='linear',
         n_estimators=100, random_state=0)}"
953,"{'adab': AdaBoostRegressor(base_estimator=None, learning_rate=1.0, loss='linear',
         n_estimators=100, random_state=0)}"
954,"{'adab': AdaBoostRegressor(base_estimator=None, learning_rate=1.0, loss='linear',
         n_estimators=100, random_state=0)}"
955,"{'adab': AdaBoostRegressor(base_estimator=None, learning_rate=1.0, loss='linear',
         n_estimators=100, random_state=0)}"
956,"{'adab': AdaBoostRegressor(base_estimator=None, learning_rate=1.0, loss='linear',
         n_estimators=100, random_state=0)}"
957,"{'adab': AdaBoostRegressor(base_estimator=None, learning_rate=1.0, loss='linear',
         n_estimators=100, random_state=0)}"
958,"{'adab': AdaBoostRegressor(base_estimator=None, learning_rate=1.0, loss='linear',
         n_estimators=100, random_state=0)}"
959,"{'adab': AdaBoostRegressor(base_estimator=None, learning_rate=1.0, loss='linear',
         n_estimators=100, random_state=0)}"
960,"{'adab': AdaBoostRegressor(base_estimator=None, learning_rate=1.0, loss='linear',
         n_estimators=100, random_state=0)}"
961,"{'adab': AdaBoostRegressor(base_estimator=None, learning_rate=1.0, loss='linear',
         n_estimators=100, random_state=0)}"
962,"{'adab': AdaBoostRegressor(base_estimator=None, learning_rate=1.0, loss='linear',
         n_estimators=100, random_state=0)}"
963,"{'adab': AdaBoostRegressor(base_estimator=None, learning_rate=1.0, loss='linear',
         n_estimators=100, random_state=0)}"
964,"{'adab': AdaBoostRegressor(base_estimator=None, learning_rate=1.0, loss='linear',
         n_estimators=100, random_state=0)}"
965,"{'adab': AdaBoostRegressor(base_estimator=None, learning_rate=1.0, loss='linear',
         n_estimators=100, random_state=0)}"
966,"{'adab': AdaBoostRegressor(base_estimator=None, learning_rate=1.0, loss='linear',
         n_estimators=100, random_state=0)}"
967,"{'adab': AdaBoostRegressor(base_estimator=None, learning_rate=1.0, loss='linear',
         n_estimators=100, random_state=0)}"
968,"{'adab': AdaBoostRegressor(base_estimator=None, learning_rate=1.0, loss='linear',
         n_estimators=100, random_state=0)}"
969,"{'adab': AdaBoostRegressor(base_estimator=None, learning_rate=1.0, loss='linear',
         n_estimators=100, random_state=0)}"
970,"{'adab': AdaBoostRegressor(base_estimator=None, learning_rate=1.0, loss='linear',
         n_estimators=100, random_state=0)}"
971,"{'adab': AdaBoostRegressor(base_estimator=None, learning_rate=1.0, loss='linear',
         n_estimators=100, random_state=0)}"
972,"{'adab': AdaBoostRegressor(base_estimator=None, learning_rate=1.0, loss='linear',
         n_estimators=100, random_state=0)}"
973,"{'adab': AdaBoostRegressor(base_estimator=None, learning_rate=1.0, loss='linear',
         n_estimators=100, random_state=0)}"
974,"{'adab': AdaBoostRegressor(base_estimator=None, learning_rate=1.0, loss='linear',
         n_estimators=100, random_state=0)}"
975,"{'adab': AdaBoostRegressor(base_estimator=None, learning_rate=1.0, loss='linear',
         n_estimators=100, random_state=0)}"
976,"{'adab': AdaBoostRegressor(base_estimator=None, learning_rate=1.0, loss='linear',
         n_estimators=100, random_state=0)}"
977,"{'adab': AdaBoostRegressor(base_estimator=None, learning_rate=1.0, loss='linear',
         n_estimators=100, random_state=0)}"
978,"{'adab': AdaBoostRegressor(base_estimator=None, learning_rate=1.0, loss='linear',
         n_estimators=100, random_state=0)}"
979,"{'adab': AdaBoostRegressor(base_estimator=None, learning_rate=1.0, loss='linear',
         n_estimators=100, random_state=0)}"
980,"{'adab': AdaBoostRegressor(base_estimator=None, learning_rate=1.0, loss='linear',
         n_estimators=100, random_state=0)}"
981,"{'adab': AdaBoostRegressor(base_estimator=None, learning_rate=1.0, loss='linear',
         n_estimators=100, random_state=0)}"
982,"{'adab': AdaBoostRegressor(base_estimator=None, learning_rate=1.0, loss='linear',
         n_estimators=100, random_state=0)}"
983,"{'adab': AdaBoostRegressor(base_estimator=None, learning_rate=1.0, loss='linear',
         n_estimators=100, random_state=0)}"
984,"{'adab': AdaBoostRegressor(base_estimator=None, learning_rate=1.0, loss='linear',
         n_estimators=100, random_state=0)}"
985,"{'adab': AdaBoostRegressor(base_estimator=None, learning_rate=1.0, loss='linear',
         n_estimators=100, random_state=0)}"
986,"{'adab': AdaBoostRegressor(base_estimator=None, learning_rate=1.0, loss='linear',
         n_estimators=100, random_state=0)}"
987,"{'adab': AdaBoostRegressor(base_estimator=None, learning_rate=1.0, loss='linear',
         n_estimators=100, random_state=0)}"
988,"{'adab': AdaBoostRegressor(base_estimator=None, learning_rate=1.0, loss='linear',
         n_estimators=100, random_state=0)}"
989,"{'adab': AdaBoostRegressor(base_estimator=None, learning_rate=1.0, loss='linear',
         n_estimators=100, random_state=0)}"
990,"{'adab': AdaBoostRegressor(base_estimator=None, learning_rate=1.0, loss='linear',
         n_estimators=100, random_state=0)}"
991,"{'adab': AdaBoostRegressor(base_estimator=None, learning_rate=1.0, loss='linear',
         n_estimators=100, random_state=0)}"
992,"{'adab': AdaBoostRegressor(base_estimator=None, learning_rate=1.0, loss='linear',
         n_estimators=100, random_state=0)}"
993,"{'adab': AdaBoostRegressor(base_estimator=None, learning_rate=1.0, loss='linear',
         n_estimators=100, random_state=0)}"
994,"{'adab': AdaBoostRegressor(base_estimator=None, learning_rate=1.0, loss='linear',
         n_estimators=100, random_state=0)}"
995,"{'adab': AdaBoostRegressor(base_estimator=None, learning_rate=1.0, loss='linear',
         n_estimators=100, random_state=0)}"
996,"{'adab': AdaBoostRegressor(base_estimator=None, learning_rate=1.0, loss='linear',
         n_estimators=100, random_state=0)}"
997,"{'adab': AdaBoostRegressor(base_estimator=None, learning_rate=1.0, loss='linear',
         n_estimators=100, random_state=0)}"
998,"{'adab': AdaBoostRegressor(base_estimator=None, learning_rate=1.0, loss='linear',
         n_estimators=100, random_state=0)}"
999,"{'adab': AdaBoostRegressor(base_estimator=None, learning_rate=1.0, loss='linear',
         n_estimators=100, random_state=0)}"
1000,"{'adab': AdaBoostRegressor(base_estimator=None, learning_rate=1.0, loss='linear',
         n_estimators=100, random_state=0)}"
1001,"{'adab': AdaBoostRegressor(base_estimator=None, learning_rate=1.0, loss='linear',
         n_estimators=100, random_state=0)}"
1002,"{'adab': AdaBoostRegressor(base_estimator=None, learning_rate=1.0, loss='linear',
         n_estimators=100, random_state=0)}"
1003,"{'adab': AdaBoostRegressor(base_estimator=None, learning_rate=1.0, loss='linear',
         n_estimators=100, random_state=0)}"
1004,"{'adab': AdaBoostRegressor(base_estimator=None, learning_rate=1.0, loss='linear',
         n_estimators=100, random_state=0)}"
1005,"{'adab': AdaBoostRegressor(base_estimator=None, learning_rate=1.0, loss='linear',
         n_estimators=100, random_state=0)}"
1006,"{'adab': AdaBoostRegressor(base_estimator=None, learning_rate=1.0, loss='linear',
         n_estimators=100, random_state=0)}"
1007,"{'adab': AdaBoostRegressor(base_estimator=None, learning_rate=1.0, loss='linear',
         n_estimators=100, random_state=0)}"
1008,"{'adab': AdaBoostRegressor(base_estimator=None, learning_rate=1.0, loss='linear',
         n_estimators=100, random_state=0)}"
1009,"{'adab': AdaBoostRegressor(base_estimator=None, learning_rate=1.0, loss='linear',
         n_estimators=100, random_state=0)}"
1010,"{'adab': AdaBoostRegressor(base_estimator=None, learning_rate=1.0, loss='linear',
         n_estimators=100, random_state=0)}"
1011,"{'adab': AdaBoostRegressor(base_estimator=None, learning_rate=1.0, loss='linear',
         n_estimators=100, random_state=0)}"
1012,"{'adab': AdaBoostRegressor(base_estimator=None, learning_rate=1.0, loss='linear',
         n_estimators=100, random_state=0)}"
1013,"{'adab': AdaBoostRegressor(base_estimator=None, learning_rate=1.0, loss='linear',
         n_estimators=100, random_state=0)}"
1014,"{'adab': AdaBoostRegressor(base_estimator=None, learning_rate=1.0, loss='linear',
         n_estimators=100, random_state=0)}"
1015,"{'adab': AdaBoostRegressor(base_estimator=None, learning_rate=1.0, loss='linear',
         n_estimators=100, random_state=0)}"
1016,"{'adab': AdaBoostRegressor(base_estimator=None, learning_rate=1.0, loss='linear',
         n_estimators=100, random_state=0)}"
1017,"{'adab': AdaBoostRegressor(base_estimator=None, learning_rate=1.0, loss='linear',
         n_estimators=100, random_state=0)}"
1018,"{'adab': AdaBoostRegressor(base_estimator=None, learning_rate=1.0, loss='linear',
         n_estimators=100, random_state=0)}"
1019,"{'adab': AdaBoostRegressor(base_estimator=None, learning_rate=1.0, loss='linear',
         n_estimators=100, random_state=0)}"
